BATTERY_ID,PART_DESCRIPTION,ELECTRODE_MATERIAL,CAPACITY_mAh,NOMINAL_VOLTAGE_V,MAX_OPERATING_TEMP_C,MIN_OPERATING_TEMP_C,FORM_FACTOR,MAX_DISCHARGE_CURRENT_A
B1,Lead-acid deep cycle battery for UPS,Nickel Manganese Cobalt,5000,12.0,70,0,Pouch,100
B2,Solid-state battery prototype for aerospace,Lithium Iron Phosphate,1000,12.0,70,0,Prismatic,2
B3,Nickel-metal hydride battery pack for hybrid vehicles,Nickel Manganese Cobalt,10000,3.6,70,-20,Pouch,20
B4,Solid-state battery prototype for aerospace,Nickel Manganese Cobalt,5000,3.2,40,-10,Prismatic,100
B5,Solid-state battery prototype for aerospace,Nickel Manganese Cobalt,2500,24.0,40,-10,Pouch,100
B6,Compact LiFePO4 battery for solar storage,Nickel Manganese Cobalt,3000,3.2,70,0,Cylindrical,10
B7,Nickel-metal hydride battery pack for hybrid vehicles,Lithium Titanate,2500,24.0,50,-20,Pouch,5
B8,Nickel-metal hydride battery pack for hybrid vehicles,Lithium Titanate,2000,3.2,40,0,Cylindrical,2
B9,Nickel-metal hydride battery pack for hybrid vehicles,Lithium Cobalt Oxide,1000,12.0,60,-20,Cylindrical,1
B10,Solid-state battery prototype for aerospace,Graphite,10000,3.7,40,-20,Cylindrical,100
B11,Lead-acid deep cycle battery for UPS,Nickel Manganese Cobalt,5000,3.7,60,-10,Prismatic,10
B12,Nickel-metal hydride battery pack for hybrid vehicles,Lithium Cobalt Oxide,5000,3.6,70,-10,Pouch,20
B13,Solid-state battery prototype for aerospace,Graphite,1000,24.0,40,-20,Cylindrical,100
B14,Compact LiFePO4 battery for solar storage,Lithium Iron Phosphate,10000,24.0,50,0,Cylindrical,5
B15,Lead-acid deep cycle battery for UPS,Lithium Titanate,1000,24.0,40,-10,Prismatic,1
B16,Compact LiFePO4 battery for solar storage,Graphite,2000,12.0,40,0,Pouch,20
B17,Lead-acid deep cycle battery for UPS,Lithium Iron Phosphate,2500,24.0,40,-10,Pouch,20
B18,Solid-state battery prototype for aerospace,Graphite,5000,3.7,70,-10,Prismatic,2
B19,High capacity lithium-ion cell for EVs,Lithium Titanate,2000,12.0,50,0,Prismatic,100
B20,Lead-acid deep cycle battery for UPS,Lithium Titanate,2500,3.2,40,-10,Pouch,2
B21,Compact LiFePO4 battery for solar storage,Lithium Cobalt Oxide,2000,24.0,50,-10,Prismatic,1
B22,Solid-state battery prototype for aerospace,Nickel Manganese Cobalt,10000,24.0,70,0,Pouch,100
B23,Lead-acid deep cycle battery for UPS,Graphite,5000,3.2,60,-10,Pouch,50
B24,High capacity lithium-ion cell for EVs,Graphite,1000,24.0,40,-10,Cylindrical,100
B25,High capacity lithium-ion cell for EVs,Lithium Iron Phosphate,1000,3.2,50,-10,Cylindrical,50
B26,Nickel-metal hydride battery pack for hybrid vehicles,Lithium Titanate,2500,12.0,50,0,Pouch,20
B27,Nickel-metal hydride battery pack for hybrid vehicles,Graphite,3000,3.7,70,-20,Pouch,2
B28,Compact LiFePO4 battery for solar storage,Lithium Titanate,10000,3.2,40,0,Pouch,5
B29,Lead-acid deep cycle battery for UPS,Graphite,2500,3.6,60,-20,Pouch,100
B30,Lead-acid deep cycle battery for UPS,Lithium Cobalt Oxide,3000,3.2,50,-10,Pouch,5
B31,Nickel-metal hydride battery pack for hybrid vehicles,Nickel Manganese Cobalt,2000,24.0,40,-20,Pouch,100
B32,Lead-acid deep cycle battery for UPS,Graphite,10000,12.0,60,0,Prismatic,20
B33,Lead-acid deep cycle battery for UPS,Lithium Titanate,2000,12.0,50,0,Pouch,2
B34,High capacity lithium-ion cell for EVs,Lithium Cobalt Oxide,5000,3.2,50,-10,Prismatic,1
B35,Nickel-metal hydride battery pack for hybrid vehicles,Graphite,10000,3.7,60,-20,Prismatic,1
B36,Solid-state battery prototype for aerospace,Lithium Iron Phosphate,3000,3.6,60,-10,Pouch,1
B37,Nickel-metal hydride battery pack for hybrid vehicles,Nickel Manganese Cobalt,5000,12.0,70,-10,Pouch,100
B38,Solid-state battery prototype for aerospace,Graphite,1000,24.0,40,0,Prismatic,100
B39,High capacity lithium-ion cell for EVs,Lithium Cobalt Oxide,3000,24.0,40,-20,Prismatic,5
B40,Compact LiFePO4 battery for solar storage,Lithium Iron Phosphate,2500,3.7,70,-20,Pouch,2
B41,Lead-acid deep cycle battery for UPS,Lithium Cobalt Oxide,1000,12.0,50,-20,Pouch,100
B42,High capacity lithium-ion cell for EVs,Lithium Cobalt Oxide,1000,3.2,60,-20,Prismatic,2
B43,Lead-acid deep cycle battery for UPS,Lithium Iron Phosphate,2500,24.0,60,-10,Prismatic,5
B44,Compact LiFePO4 battery for solar storage,Lithium Cobalt Oxide,10000,3.7,60,-10,Prismatic,100
B45,Compact LiFePO4 battery for solar storage,Lithium Iron Phosphate,1000,12.0,50,0,Cylindrical,1
B46,High capacity lithium-ion cell for EVs,Graphite,3000,12.0,60,-10,Prismatic,1
B47,Compact LiFePO4 battery for solar storage,Lithium Iron Phosphate,5000,12.0,60,-10,Cylindrical,20
B48,Solid-state battery prototype for aerospace,Lithium Iron Phosphate,1000,12.0,70,0,Pouch,50
B49,Compact LiFePO4 battery for solar storage,Nickel Manganese Cobalt,3000,12.0,50,0,Pouch,10
B50,Lead-acid deep cycle battery for UPS,Lithium Iron Phosphate,2000,24.0,40,0,Prismatic,50
B51,Lead-acid deep cycle battery for UPS,Lithium Iron Phosphate,3000,3.7,70,-10,Pouch,100
B52,Lead-acid deep cycle battery for UPS,Graphite,5000,12.0,70,-10,Pouch,2
B53,Lead-acid deep cycle battery for UPS,Nickel Manganese Cobalt,3000,3.6,40,0,Pouch,100
B54,Solid-state battery prototype for aerospace,Lithium Titanate,2500,3.6,70,0,Pouch,2
B55,Nickel-metal hydride battery pack for hybrid vehicles,Graphite,5000,3.7,50,0,Cylindrical,2
B56,High capacity lithium-ion cell for EVs,Graphite,10000,3.2,60,-10,Cylindrical,50
B57,Lead-acid deep cycle battery for UPS,Lithium Titanate,2000,3.2,50,-10,Prismatic,10
B58,Compact LiFePO4 battery for solar storage,Lithium Iron Phosphate,2500,3.2,40,-20,Prismatic,20
B59,Lead-acid deep cycle battery for UPS,Lithium Cobalt Oxide,10000,3.6,40,-10,Prismatic,50
B60,Compact LiFePO4 battery for solar storage,Nickel Manganese Cobalt,3000,3.2,70,-10,Pouch,10
B61,Compact LiFePO4 battery for solar storage,Lithium Cobalt Oxide,5000,24.0,50,-10,Pouch,1
B62,Lead-acid deep cycle battery for UPS,Lithium Titanate,2000,12.0,50,0,Cylindrical,1
B63,Solid-state battery prototype for aerospace,Graphite,2500,3.6,40,-10,Cylindrical,2
B64,Compact LiFePO4 battery for solar storage,Graphite,10000,3.7,50,0,Prismatic,5
B65,Compact LiFePO4 battery for solar storage,Nickel Manganese Cobalt,10000,3.7,40,-20,Cylindrical,100
B66,Lead-acid deep cycle battery for UPS,Graphite,2000,12.0,50,-20,Cylindrical,100
B67,Compact LiFePO4 battery for solar storage,Graphite,3000,3.6,50,0,Cylindrical,2
B68,Compact LiFePO4 battery for solar storage,Nickel Manganese Cobalt,2000,3.2,50,0,Cylindrical,5
B69,Lead-acid deep cycle battery for UPS,Nickel Manganese Cobalt,10000,3.2,40,0,Cylindrical,10
B70,Lead-acid deep cycle battery for UPS,Lithium Titanate,1000,24.0,70,-10,Prismatic,1
B71,High capacity lithium-ion cell for EVs,Graphite,2500,24.0,50,-20,Prismatic,100
B72,Solid-state battery prototype for aerospace,Graphite,2000,3.2,40,0,Cylindrical,50
B73,Solid-state battery prototype for aerospace,Lithium Titanate,10000,3.7,40,-10,Prismatic,5
B74,Compact LiFePO4 battery for solar storage,Lithium Iron Phosphate,3000,3.7,50,-20,Pouch,10
B75,Solid-state battery prototype for aerospace,Lithium Iron Phosphate,10000,24.0,50,-10,Cylindrical,1
B76,Compact LiFePO4 battery for solar storage,Lithium Iron Phosphate,3000,12.0,70,-20,Pouch,50
B77,High capacity lithium-ion cell for EVs,Lithium Titanate,2000,3.2,40,-10,Prismatic,5
B78,Lead-acid deep cycle battery for UPS,Graphite,3000,24.0,40,-20,Prismatic,2
B79,Lead-acid deep cycle battery for UPS,Lithium Titanate,5000,24.0,60,-20,Pouch,2
B80,Lead-acid deep cycle battery for UPS,Lithium Titanate,5000,3.2,40,-10,Prismatic,2
B81,Solid-state battery prototype for aerospace,Lithium Iron Phosphate,5000,3.2,70,0,Cylindrical,100
B82,High capacity lithium-ion cell for EVs,Lithium Cobalt Oxide,1000,3.7,60,-20,Pouch,10
B83,Solid-state battery prototype for aerospace,Graphite,2000,12.0,60,0,Cylindrical,2
B84,Solid-state battery prototype for aerospace,Lithium Iron Phosphate,10000,12.0,60,-10,Pouch,100
B85,High capacity lithium-ion cell for EVs,Lithium Cobalt Oxide,10000,3.2,50,0,Prismatic,20
B86,High capacity lithium-ion cell for EVs,Lithium Cobalt Oxide,1000,3.6,50,0,Pouch,100
B87,High capacity lithium-ion cell for EVs,Nickel Manganese Cobalt,3000,24.0,40,0,Pouch,1
B88,High capacity lithium-ion cell for EVs,Graphite,1000,24.0,60,0,Cylindrical,100
B89,Lead-acid deep cycle battery for UPS,Lithium Cobalt Oxide,3000,3.2,70,0,Prismatic,10
B90,Nickel-metal hydride battery pack for hybrid vehicles,Lithium Iron Phosphate,3000,3.6,50,-20,Cylindrical,50
B91,Nickel-metal hydride battery pack for hybrid vehicles,Nickel Manganese Cobalt,2500,3.7,70,-20,Prismatic,100
B92,High capacity lithium-ion cell for EVs,Graphite,10000,3.2,70,-20,Cylindrical,2
B93,Nickel-metal hydride battery pack for hybrid vehicles,Lithium Titanate,5000,3.2,50,-10,Pouch,1
B94,Nickel-metal hydride battery pack for hybrid vehicles,Lithium Iron Phosphate,3000,24.0,50,0,Cylindrical,5
B95,High capacity lithium-ion cell for EVs,Lithium Cobalt Oxide,2500,3.2,50,-20,Prismatic,2
B96,Nickel-metal hydride battery pack for hybrid vehicles,Lithium Cobalt Oxide,10000,3.2,50,-10,Prismatic,1
B97,Solid-state battery prototype for aerospace,Lithium Iron Phosphate,5000,3.2,60,-20,Pouch,20
B98,Compact LiFePO4 battery for solar storage,Lithium Cobalt Oxide,3000,24.0,60,-20,Prismatic,5
B99,Compact LiFePO4 battery for solar storage,Nickel Manganese Cobalt,3000,3.7,60,0,Cylindrical,20
B100,High capacity lithium-ion cell for EVs,Graphite,1000,3.7,60,-10,Pouch,50
B101,Lead-acid deep cycle battery for UPS,Nickel Manganese Cobalt,1000,3.2,40,0,Prismatic,1
B102,High capacity lithium-ion cell for EVs,Lithium Cobalt Oxide,10000,24.0,60,0,Prismatic,20
B103,Lead-acid deep cycle battery for UPS,Lithium Titanate,5000,3.7,50,-20,Cylindrical,50
B104,Compact LiFePO4 battery for solar storage,Graphite,3000,3.7,70,0,Cylindrical,1
B105,High capacity lithium-ion cell for EVs,Graphite,10000,3.7,60,-10,Pouch,1
B106,Solid-state battery prototype for aerospace,Lithium Iron Phosphate,10000,24.0,40,0,Prismatic,20
B107,Nickel-metal hydride battery pack for hybrid vehicles,Lithium Iron Phosphate,2000,24.0,50,0,Cylindrical,1
B108,Lead-acid deep cycle battery for UPS,Lithium Titanate,1000,3.2,70,0,Pouch,2
B109,Nickel-metal hydride battery pack for hybrid vehicles,Graphite,5000,12.0,70,-20,Prismatic,1
B110,Nickel-metal hydride battery pack for hybrid vehicles,Lithium Titanate,3000,3.7,60,-10,Prismatic,10
B111,High capacity lithium-ion cell for EVs,Lithium Iron Phosphate,10000,12.0,70,-20,Pouch,50
B112,Nickel-metal hydride battery pack for hybrid vehicles,Lithium Iron Phosphate,3000,24.0,60,-20,Pouch,1
B113,Solid-state battery prototype for aerospace,Graphite,2000,24.0,60,-20,Cylindrical,10
B114,Nickel-metal hydride battery pack for hybrid vehicles,Nickel Manganese Cobalt,5000,24.0,50,-20,Prismatic,1
B115,High capacity lithium-ion cell for EVs,Lithium Cobalt Oxide,10000,12.0,50,-20,Prismatic,1
B116,Solid-state battery prototype for aerospace,Lithium Iron Phosphate,3000,24.0,40,-10,Prismatic,20
B117,Compact LiFePO4 battery for solar storage,Lithium Iron Phosphate,1000,3.2,50,0,Pouch,2
B118,Nickel-metal hydride battery pack for hybrid vehicles,Nickel Manganese Cobalt,2000,24.0,50,-20,Cylindrical,50
B119,High capacity lithium-ion cell for EVs,Nickel Manganese Cobalt,5000,3.6,60,-20,Prismatic,2
B120,Compact LiFePO4 battery for solar storage,Lithium Titanate,2000,12.0,50,-10,Pouch,5
B121,Compact LiFePO4 battery for solar storage,Lithium Titanate,1000,3.6,60,-10,Prismatic,20
B122,Lead-acid deep cycle battery for UPS,Lithium Cobalt Oxide,5000,24.0,60,0,Cylindrical,20
B123,Solid-state battery prototype for aerospace,Lithium Cobalt Oxide,2000,3.2,50,-10,Prismatic,2
B124,Nickel-metal hydride battery pack for hybrid vehicles,Graphite,2500,3.7,40,0,Cylindrical,100
B125,High capacity lithium-ion cell for EVs,Lithium Titanate,1000,24.0,40,-20,Cylindrical,20
B126,Lead-acid deep cycle battery for UPS,Lithium Iron Phosphate,1000,3.2,70,-20,Prismatic,2
B127,Solid-state battery prototype for aerospace,Lithium Titanate,1000,12.0,70,0,Prismatic,20
B128,Lead-acid deep cycle battery for UPS,Lithium Iron Phosphate,2500,3.6,50,-10,Cylindrical,1
B129,Solid-state battery prototype for aerospace,Nickel Manganese Cobalt,2500,3.6,40,0,Pouch,2
B130,Solid-state battery prototype for aerospace,Lithium Titanate,3000,3.6,60,-10,Cylindrical,2
B131,Nickel-metal hydride battery pack for hybrid vehicles,Nickel Manganese Cobalt,10000,12.0,70,-20,Prismatic,10
B132,Solid-state battery prototype for aerospace,Lithium Cobalt Oxide,2000,3.2,60,-10,Prismatic,20
B133,Lead-acid deep cycle battery for UPS,Lithium Cobalt Oxide,3000,12.0,70,0,Pouch,20
B134,Solid-state battery prototype for aerospace,Graphite,2000,3.6,50,0,Cylindrical,2
B135,Nickel-metal hydride battery pack for hybrid vehicles,Lithium Titanate,10000,24.0,40,-20,Cylindrical,1
B136,Nickel-metal hydride battery pack for hybrid vehicles,Nickel Manganese Cobalt,2500,3.7,70,-10,Cylindrical,1
B137,Lead-acid deep cycle battery for UPS,Lithium Iron Phosphate,10000,12.0,40,-10,Prismatic,50
B138,Compact LiFePO4 battery for solar storage,Lithium Cobalt Oxide,2500,12.0,60,-10,Cylindrical,1
B139,Compact LiFePO4 battery for solar storage,Lithium Cobalt Oxide,10000,3.2,50,-20,Pouch,20
B140,Solid-state battery prototype for aerospace,Lithium Iron Phosphate,3000,3.2,40,-10,Prismatic,100
B141,High capacity lithium-ion cell for EVs,Nickel Manganese Cobalt,5000,12.0,50,0,Prismatic,10
B142,Solid-state battery prototype for aerospace,Nickel Manganese Cobalt,3000,3.6,40,-10,Cylindrical,2
B143,Lead-acid deep cycle battery for UPS,Lithium Titanate,2000,3.7,60,-20,Pouch,5
B144,Lead-acid deep cycle battery for UPS,Lithium Titanate,3000,3.2,60,-10,Prismatic,10
B145,Lead-acid deep cycle battery for UPS,Graphite,1000,3.6,50,-10,Prismatic,100
B146,Lead-acid deep cycle battery for UPS,Lithium Cobalt Oxide,2000,24.0,60,0,Cylindrical,5
B147,Lead-acid deep cycle battery for UPS,Lithium Titanate,10000,3.2,70,-10,Cylindrical,10
B148,Nickel-metal hydride battery pack for hybrid vehicles,Nickel Manganese Cobalt,2000,3.6,40,0,Pouch,1
B149,Compact LiFePO4 battery for solar storage,Lithium Iron Phosphate,5000,3.6,60,0,Cylindrical,20
B150,Lead-acid deep cycle battery for UPS,Nickel Manganese Cobalt,2500,3.7,70,-20,Pouch,100
B151,High capacity lithium-ion cell for EVs,Lithium Cobalt Oxide,10000,3.7,50,0,Prismatic,5
B152,High capacity lithium-ion cell for EVs,Nickel Manganese Cobalt,2000,24.0,70,0,Pouch,100
B153,High capacity lithium-ion cell for EVs,Graphite,10000,3.6,50,-20,Pouch,10
B154,High capacity lithium-ion cell for EVs,Lithium Cobalt Oxide,10000,3.6,50,0,Pouch,20
B155,Nickel-metal hydride battery pack for hybrid vehicles,Lithium Iron Phosphate,10000,3.7,40,-20,Prismatic,100
B156,High capacity lithium-ion cell for EVs,Graphite,2500,3.2,40,-10,Cylindrical,5
B157,Lead-acid deep cycle battery for UPS,Lithium Cobalt Oxide,3000,3.2,70,-20,Prismatic,2
B158,Solid-state battery prototype for aerospace,Lithium Iron Phosphate,10000,12.0,40,0,Cylindrical,10
B159,High capacity lithium-ion cell for EVs,Graphite,1000,3.7,40,-20,Pouch,2
B160,Nickel-metal hydride battery pack for hybrid vehicles,Graphite,5000,12.0,40,0,Pouch,1
B161,Nickel-metal hydride battery pack for hybrid vehicles,Lithium Cobalt Oxide,2500,3.7,70,-10,Pouch,2
B162,High capacity lithium-ion cell for EVs,Lithium Titanate,2000,24.0,60,-20,Pouch,2
B163,Solid-state battery prototype for aerospace,Graphite,2500,3.6,40,-10,Pouch,50
B164,High capacity lithium-ion cell for EVs,Graphite,2000,24.0,40,0,Cylindrical,10
B165,Nickel-metal hydride battery pack for hybrid vehicles,Lithium Iron Phosphate,2500,3.7,70,0,Cylindrical,1
B166,Compact LiFePO4 battery for solar storage,Nickel Manganese Cobalt,2000,3.6,60,-10,Pouch,2
B167,Lead-acid deep cycle battery for UPS,Lithium Cobalt Oxide,10000,3.2,40,-20,Prismatic,20
B168,Nickel-metal hydride battery pack for hybrid vehicles,Lithium Cobalt Oxide,3000,3.2,50,-20,Prismatic,5
B169,High capacity lithium-ion cell for EVs,Lithium Titanate,2000,12.0,70,0,Pouch,2
B170,Lead-acid deep cycle battery for UPS,Lithium Titanate,2000,3.7,40,-10,Cylindrical,1
B171,High capacity lithium-ion cell for EVs,Lithium Cobalt Oxide,1000,3.7,40,-10,Prismatic,2
B172,High capacity lithium-ion cell for EVs,Lithium Titanate,2000,3.2,50,-20,Prismatic,5
B173,Compact LiFePO4 battery for solar storage,Lithium Iron Phosphate,1000,24.0,50,-20,Prismatic,1
B174,Lead-acid deep cycle battery for UPS,Lithium Cobalt Oxide,5000,3.6,70,-20,Pouch,10
B175,Lead-acid deep cycle battery for UPS,Lithium Titanate,10000,24.0,70,-10,Prismatic,1
B176,Compact LiFePO4 battery for solar storage,Lithium Cobalt Oxide,1000,24.0,50,-20,Prismatic,10
B177,Nickel-metal hydride battery pack for hybrid vehicles,Nickel Manganese Cobalt,3000,3.2,70,-20,Prismatic,1
B178,High capacity lithium-ion cell for EVs,Graphite,10000,3.2,50,0,Prismatic,100
B179,Solid-state battery prototype for aerospace,Lithium Cobalt Oxide,1000,3.2,40,-20,Cylindrical,5
B180,High capacity lithium-ion cell for EVs,Graphite,10000,12.0,50,-20,Pouch,5
B181,High capacity lithium-ion cell for EVs,Lithium Titanate,10000,24.0,50,-10,Pouch,1
B182,Nickel-metal hydride battery pack for hybrid vehicles,Graphite,10000,3.7,60,-10,Cylindrical,100
B183,High capacity lithium-ion cell for EVs,Lithium Cobalt Oxide,5000,3.6,50,0,Cylindrical,2
B184,Compact LiFePO4 battery for solar storage,Nickel Manganese Cobalt,3000,12.0,50,-20,Pouch,5
B185,Compact LiFePO4 battery for solar storage,Lithium Titanate,2500,3.7,60,0,Prismatic,10
B186,Lead-acid deep cycle battery for UPS,Lithium Cobalt Oxide,2500,24.0,70,-10,Prismatic,10
B187,Solid-state battery prototype for aerospace,Lithium Titanate,1000,3.2,60,0,Pouch,20
B188,High capacity lithium-ion cell for EVs,Lithium Iron Phosphate,10000,24.0,40,-10,Prismatic,50
B189,High capacity lithium-ion cell for EVs,Graphite,1000,3.6,60,0,Cylindrical,100
B190,Nickel-metal hydride battery pack for hybrid vehicles,Lithium Iron Phosphate,5000,12.0,40,0,Prismatic,50
B191,Compact LiFePO4 battery for solar storage,Lithium Cobalt Oxide,5000,12.0,70,-20,Prismatic,50
B192,Solid-state battery prototype for aerospace,Nickel Manganese Cobalt,2000,3.6,60,0,Prismatic,10
B193,Lead-acid deep cycle battery for UPS,Lithium Titanate,5000,3.7,60,-20,Pouch,20
B194,Compact LiFePO4 battery for solar storage,Graphite,2000,3.7,70,-20,Cylindrical,50
B195,Lead-acid deep cycle battery for UPS,Lithium Titanate,3000,12.0,40,-20,Prismatic,50
B196,Nickel-metal hydride battery pack for hybrid vehicles,Lithium Cobalt Oxide,1000,12.0,60,-20,Pouch,1
B197,Nickel-metal hydride battery pack for hybrid vehicles,Lithium Titanate,3000,3.2,40,0,Prismatic,1
B198,High capacity lithium-ion cell for EVs,Graphite,5000,3.7,60,-10,Cylindrical,1
B199,Solid-state battery prototype for aerospace,Lithium Cobalt Oxide,3000,3.6,50,-10,Prismatic,2
B200,Lead-acid deep cycle battery for UPS,Lithium Titanate,3000,3.7,60,-10,Cylindrical,50
B201,Compact LiFePO4 battery for solar storage,Nickel Manganese Cobalt,3000,3.2,70,0,Prismatic,2
B202,Nickel-metal hydride battery pack for hybrid vehicles,Lithium Cobalt Oxide,5000,12.0,70,-20,Cylindrical,20
B203,High capacity lithium-ion cell for EVs,Lithium Cobalt Oxide,10000,12.0,40,-10,Prismatic,100
B204,High capacity lithium-ion cell for EVs,Nickel Manganese Cobalt,3000,3.2,60,0,Cylindrical,10
B205,Lead-acid deep cycle battery for UPS,Lithium Iron Phosphate,2000,3.6,40,-20,Prismatic,50
B206,Nickel-metal hydride battery pack for hybrid vehicles,Graphite,5000,12.0,40,-10,Prismatic,10
B207,Solid-state battery prototype for aerospace,Lithium Iron Phosphate,3000,24.0,50,-20,Pouch,100
B208,Nickel-metal hydride battery pack for hybrid vehicles,Lithium Titanate,10000,12.0,50,-10,Pouch,1
B209,Lead-acid deep cycle battery for UPS,Nickel Manganese Cobalt,5000,24.0,70,-10,Cylindrical,50
B210,Lead-acid deep cycle battery for UPS,Lithium Iron Phosphate,2500,3.2,40,-10,Prismatic,5
B211,Nickel-metal hydride battery pack for hybrid vehicles,Lithium Cobalt Oxide,10000,3.2,70,-20,Cylindrical,2
B212,Lead-acid deep cycle battery for UPS,Lithium Titanate,2000,12.0,60,0,Pouch,2
B213,Nickel-metal hydride battery pack for hybrid vehicles,Lithium Titanate,3000,3.7,40,-20,Cylindrical,50
B214,Compact LiFePO4 battery for solar storage,Lithium Iron Phosphate,2500,24.0,40,-10,Cylindrical,100
B215,Nickel-metal hydride battery pack for hybrid vehicles,Lithium Iron Phosphate,2500,3.6,60,-20,Pouch,1
B216,Nickel-metal hydride battery pack for hybrid vehicles,Nickel Manganese Cobalt,5000,12.0,60,0,Prismatic,2
B217,Lead-acid deep cycle battery for UPS,Graphite,2500,3.6,70,-20,Cylindrical,1
B218,Lead-acid deep cycle battery for UPS,Lithium Iron Phosphate,2000,12.0,70,0,Pouch,20
B219,High capacity lithium-ion cell for EVs,Lithium Iron Phosphate,2000,3.7,60,0,Prismatic,10
B220,High capacity lithium-ion cell for EVs,Lithium Cobalt Oxide,1000,3.7,70,-20,Pouch,100
B221,Compact LiFePO4 battery for solar storage,Lithium Titanate,2000,3.7,60,-10,Cylindrical,5
B222,High capacity lithium-ion cell for EVs,Graphite,10000,3.7,40,0,Prismatic,10
B223,Nickel-metal hydride battery pack for hybrid vehicles,Lithium Cobalt Oxide,2500,3.2,40,-20,Prismatic,10
B224,Lead-acid deep cycle battery for UPS,Nickel Manganese Cobalt,2000,3.2,50,0,Pouch,20
B225,High capacity lithium-ion cell for EVs,Nickel Manganese Cobalt,5000,24.0,40,-10,Pouch,2
B226,High capacity lithium-ion cell for EVs,Lithium Iron Phosphate,1000,3.6,60,-20,Pouch,5
B227,Compact LiFePO4 battery for solar storage,Lithium Iron Phosphate,2500,12.0,70,-20,Prismatic,2
B228,Compact LiFePO4 battery for solar storage,Nickel Manganese Cobalt,1000,12.0,50,-20,Prismatic,50
B229,Nickel-metal hydride battery pack for hybrid vehicles,Lithium Iron Phosphate,2500,3.2,70,-10,Cylindrical,10
B230,Lead-acid deep cycle battery for UPS,Graphite,5000,12.0,60,0,Prismatic,50
B231,Compact LiFePO4 battery for solar storage,Lithium Iron Phosphate,1000,3.2,40,-20,Cylindrical,1
B232,High capacity lithium-ion cell for EVs,Lithium Titanate,3000,24.0,50,0,Pouch,10
B233,Lead-acid deep cycle battery for UPS,Lithium Iron Phosphate,10000,3.6,60,0,Pouch,2
B234,Lead-acid deep cycle battery for UPS,Lithium Cobalt Oxide,10000,24.0,50,-10,Prismatic,10
B235,High capacity lithium-ion cell for EVs,Graphite,2500,3.7,50,-20,Pouch,1
B236,Compact LiFePO4 battery for solar storage,Lithium Cobalt Oxide,3000,3.7,40,0,Pouch,20
B237,High capacity lithium-ion cell for EVs,Lithium Cobalt Oxide,1000,3.7,60,-20,Prismatic,50
B238,Lead-acid deep cycle battery for UPS,Lithium Titanate,3000,24.0,70,-20,Cylindrical,50
B239,Solid-state battery prototype for aerospace,Graphite,3000,12.0,50,-10,Prismatic,2
B240,Solid-state battery prototype for aerospace,Graphite,1000,3.6,50,-20,Cylindrical,10
B241,Nickel-metal hydride battery pack for hybrid vehicles,Graphite,5000,3.7,70,-20,Prismatic,2
B242,High capacity lithium-ion cell for EVs,Graphite,3000,3.7,60,0,Prismatic,20
B243,High capacity lithium-ion cell for EVs,Graphite,3000,3.7,50,-10,Pouch,10
B244,Nickel-metal hydride battery pack for hybrid vehicles,Lithium Titanate,5000,3.6,50,-20,Prismatic,10
B245,Nickel-metal hydride battery pack for hybrid vehicles,Lithium Iron Phosphate,3000,3.7,50,0,Prismatic,2
B246,Nickel-metal hydride battery pack for hybrid vehicles,Lithium Cobalt Oxide,3000,3.6,60,-10,Cylindrical,2
B247,Lead-acid deep cycle battery for UPS,Graphite,3000,3.7,60,-10,Pouch,1
B248,High capacity lithium-ion cell for EVs,Lithium Iron Phosphate,10000,24.0,70,0,Cylindrical,100
B249,Lead-acid deep cycle battery for UPS,Lithium Iron Phosphate,2000,24.0,60,0,Cylindrical,100
B250,Nickel-metal hydride battery pack for hybrid vehicles,Lithium Cobalt Oxide,5000,3.6,60,0,Pouch,20
B251,High capacity lithium-ion cell for EVs,Lithium Titanate,3000,24.0,40,0,Pouch,100
B252,Lead-acid deep cycle battery for UPS,Nickel Manganese Cobalt,10000,3.6,70,0,Pouch,1
B253,Lead-acid deep cycle battery for UPS,Nickel Manganese Cobalt,5000,24.0,50,-20,Prismatic,50
B254,Nickel-metal hydride battery pack for hybrid vehicles,Lithium Iron Phosphate,2500,24.0,60,-20,Pouch,10
B255,High capacity lithium-ion cell for EVs,Lithium Cobalt Oxide,2500,3.6,50,-10,Pouch,2
B256,Nickel-metal hydride battery pack for hybrid vehicles,Nickel Manganese Cobalt,3000,12.0,50,-20,Pouch,10
B257,High capacity lithium-ion cell for EVs,Lithium Iron Phosphate,10000,24.0,40,-20,Cylindrical,10
B258,Solid-state battery prototype for aerospace,Lithium Titanate,10000,3.7,60,-20,Cylindrical,5
B259,Compact LiFePO4 battery for solar storage,Nickel Manganese Cobalt,5000,12.0,70,0,Prismatic,50
B260,Compact LiFePO4 battery for solar storage,Lithium Iron Phosphate,5000,3.6,60,-10,Cylindrical,5
B261,Compact LiFePO4 battery for solar storage,Lithium Iron Phosphate,10000,12.0,50,-10,Prismatic,100
B262,Nickel-metal hydride battery pack for hybrid vehicles,Graphite,5000,3.2,70,-10,Cylindrical,10
B263,Solid-state battery prototype for aerospace,Lithium Titanate,10000,3.2,60,-10,Pouch,2
B264,High capacity lithium-ion cell for EVs,Graphite,2000,24.0,50,-20,Cylindrical,10
B265,Lead-acid deep cycle battery for UPS,Lithium Cobalt Oxide,10000,24.0,50,-20,Prismatic,50
B266,High capacity lithium-ion cell for EVs,Graphite,2500,3.7,40,0,Cylindrical,5
B267,Lead-acid deep cycle battery for UPS,Graphite,5000,12.0,40,-10,Pouch,2
B268,High capacity lithium-ion cell for EVs,Nickel Manganese Cobalt,10000,3.2,40,-20,Prismatic,10
B269,Solid-state battery prototype for aerospace,Lithium Iron Phosphate,10000,24.0,50,-20,Pouch,20
B270,Lead-acid deep cycle battery for UPS,Lithium Titanate,5000,12.0,60,0,Pouch,50
B271,Nickel-metal hydride battery pack for hybrid vehicles,Graphite,2000,24.0,40,0,Prismatic,50
B272,High capacity lithium-ion cell for EVs,Lithium Titanate,2000,24.0,60,0,Pouch,20
B273,High capacity lithium-ion cell for EVs,Graphite,5000,3.2,40,-20,Pouch,10
B274,Lead-acid deep cycle battery for UPS,Lithium Cobalt Oxide,1000,3.2,70,-20,Cylindrical,50
B275,Nickel-metal hydride battery pack for hybrid vehicles,Graphite,5000,24.0,70,0,Pouch,2
B276,Nickel-metal hydride battery pack for hybrid vehicles,Nickel Manganese Cobalt,5000,3.6,40,-10,Pouch,10
B277,Solid-state battery prototype for aerospace,Lithium Iron Phosphate,2000,24.0,50,0,Pouch,10
B278,Nickel-metal hydride battery pack for hybrid vehicles,Lithium Cobalt Oxide,2000,24.0,40,0,Pouch,5
B279,Nickel-metal hydride battery pack for hybrid vehicles,Graphite,5000,3.7,40,0,Prismatic,50
B280,Nickel-metal hydride battery pack for hybrid vehicles,Lithium Titanate,5000,3.7,50,0,Cylindrical,50
B281,Compact LiFePO4 battery for solar storage,Lithium Cobalt Oxide,5000,3.7,70,-20,Pouch,20
B282,Solid-state battery prototype for aerospace,Lithium Cobalt Oxide,2000,3.6,60,-10,Pouch,5
B283,High capacity lithium-ion cell for EVs,Graphite,5000,3.6,40,0,Prismatic,100
B284,Lead-acid deep cycle battery for UPS,Lithium Cobalt Oxide,5000,24.0,50,-10,Pouch,5
B285,High capacity lithium-ion cell for EVs,Lithium Titanate,3000,3.7,40,-10,Prismatic,50
B286,Solid-state battery prototype for aerospace,Lithium Cobalt Oxide,1000,3.6,50,-10,Cylindrical,10
B287,Lead-acid deep cycle battery for UPS,Lithium Titanate,2500,3.2,60,0,Cylindrical,5
B288,Solid-state battery prototype for aerospace,Graphite,1000,24.0,60,-20,Pouch,20
B289,Nickel-metal hydride battery pack for hybrid vehicles,Lithium Iron Phosphate,3000,12.0,70,0,Pouch,5
B290,Lead-acid deep cycle battery for UPS,Lithium Cobalt Oxide,2500,24.0,50,-10,Pouch,20
B291,Nickel-metal hydride battery pack for hybrid vehicles,Lithium Iron Phosphate,5000,12.0,50,-10,Prismatic,100
B292,High capacity lithium-ion cell for EVs,Lithium Titanate,3000,3.7,70,-20,Pouch,5
B293,High capacity lithium-ion cell for EVs,Lithium Cobalt Oxide,5000,12.0,70,0,Pouch,20
B294,Lead-acid deep cycle battery for UPS,Nickel Manganese Cobalt,2000,3.7,50,-10,Cylindrical,5
B295,Lead-acid deep cycle battery for UPS,Lithium Iron Phosphate,10000,3.2,70,-20,Pouch,100
B296,Solid-state battery prototype for aerospace,Lithium Cobalt Oxide,3000,12.0,60,-10,Cylindrical,5
B297,Solid-state battery prototype for aerospace,Lithium Iron Phosphate,2000,24.0,40,-20,Pouch,2
B298,Nickel-metal hydride battery pack for hybrid vehicles,Lithium Cobalt Oxide,3000,3.7,60,-20,Cylindrical,20
B299,Lead-acid deep cycle battery for UPS,Graphite,3000,24.0,70,0,Pouch,100
B300,High capacity lithium-ion cell for EVs,Lithium Iron Phosphate,2000,3.6,50,-10,Cylindrical,20
B301,Solid-state battery prototype for aerospace,Nickel Manganese Cobalt,2500,3.7,50,0,Prismatic,20
B302,Solid-state battery prototype for aerospace,Nickel Manganese Cobalt,1000,12.0,60,-10,Cylindrical,1
B303,High capacity lithium-ion cell for EVs,Lithium Titanate,5000,3.7,50,0,Cylindrical,100
B304,Solid-state battery prototype for aerospace,Lithium Cobalt Oxide,3000,24.0,70,-10,Cylindrical,5
B305,Nickel-metal hydride battery pack for hybrid vehicles,Lithium Iron Phosphate,5000,3.2,60,0,Pouch,20
B306,Lead-acid deep cycle battery for UPS,Lithium Titanate,10000,3.7,50,-20,Pouch,50
B307,High capacity lithium-ion cell for EVs,Lithium Iron Phosphate,2000,12.0,40,-10,Pouch,1
B308,Lead-acid deep cycle battery for UPS,Lithium Cobalt Oxide,5000,3.6,40,-10,Prismatic,2
B309,Solid-state battery prototype for aerospace,Nickel Manganese Cobalt,2000,3.2,70,-20,Prismatic,20
B310,Solid-state battery prototype for aerospace,Graphite,5000,3.6,50,0,Cylindrical,20
B311,High capacity lithium-ion cell for EVs,Nickel Manganese Cobalt,1000,3.7,70,-10,Prismatic,1
B312,Nickel-metal hydride battery pack for hybrid vehicles,Lithium Titanate,1000,24.0,60,-10,Cylindrical,5
B313,Compact LiFePO4 battery for solar storage,Graphite,1000,24.0,40,0,Cylindrical,50
B314,High capacity lithium-ion cell for EVs,Lithium Titanate,1000,12.0,60,-20,Cylindrical,2
B315,Compact LiFePO4 battery for solar storage,Lithium Cobalt Oxide,1000,24.0,50,0,Prismatic,20
B316,Compact LiFePO4 battery for solar storage,Graphite,1000,3.2,70,0,Pouch,5
B317,Nickel-metal hydride battery pack for hybrid vehicles,Lithium Titanate,2000,24.0,70,0,Prismatic,100
B318,Compact LiFePO4 battery for solar storage,Lithium Cobalt Oxide,3000,12.0,70,-10,Cylindrical,50
B319,Compact LiFePO4 battery for solar storage,Nickel Manganese Cobalt,5000,3.7,60,-20,Cylindrical,100
B320,Nickel-metal hydride battery pack for hybrid vehicles,Lithium Cobalt Oxide,1000,3.7,40,-20,Prismatic,50
B321,Compact LiFePO4 battery for solar storage,Lithium Iron Phosphate,2000,24.0,60,0,Cylindrical,2
B322,Compact LiFePO4 battery for solar storage,Lithium Cobalt Oxide,2000,3.6,60,-10,Cylindrical,10
B323,Compact LiFePO4 battery for solar storage,Lithium Cobalt Oxide,2000,3.7,50,0,Prismatic,50
B324,High capacity lithium-ion cell for EVs,Lithium Iron Phosphate,3000,24.0,50,-10,Prismatic,10
B325,High capacity lithium-ion cell for EVs,Lithium Titanate,5000,12.0,50,-10,Prismatic,100
B326,High capacity lithium-ion cell for EVs,Lithium Titanate,3000,24.0,40,-10,Cylindrical,50
B327,Nickel-metal hydride battery pack for hybrid vehicles,Lithium Cobalt Oxide,2500,3.7,40,-10,Cylindrical,2
B328,Solid-state battery prototype for aerospace,Lithium Iron Phosphate,2000,12.0,50,-20,Pouch,1
B329,Compact LiFePO4 battery for solar storage,Lithium Iron Phosphate,2500,24.0,50,-10,Pouch,2
B330,Compact LiFePO4 battery for solar storage,Nickel Manganese Cobalt,10000,3.2,40,-10,Prismatic,2
B331,Nickel-metal hydride battery pack for hybrid vehicles,Lithium Titanate,1000,12.0,70,0,Pouch,1
B332,Compact LiFePO4 battery for solar storage,Graphite,1000,3.2,40,0,Cylindrical,1
B333,High capacity lithium-ion cell for EVs,Lithium Titanate,3000,3.6,40,-20,Pouch,5
B334,Solid-state battery prototype for aerospace,Lithium Titanate,5000,12.0,40,0,Cylindrical,50
B335,Lead-acid deep cycle battery for UPS,Nickel Manganese Cobalt,2500,3.2,50,-10,Prismatic,100
B336,Compact LiFePO4 battery for solar storage,Graphite,5000,3.7,70,0,Prismatic,5
B337,High capacity lithium-ion cell for EVs,Nickel Manganese Cobalt,3000,3.7,40,-20,Cylindrical,1
B338,Lead-acid deep cycle battery for UPS,Graphite,1000,3.6,50,0,Pouch,10
B339,Solid-state battery prototype for aerospace,Lithium Cobalt Oxide,5000,12.0,60,0,Prismatic,100
B340,Lead-acid deep cycle battery for UPS,Graphite,5000,12.0,60,-20,Prismatic,10
B341,High capacity lithium-ion cell for EVs,Nickel Manganese Cobalt,1000,12.0,40,-20,Pouch,2
B342,Lead-acid deep cycle battery for UPS,Lithium Titanate,2500,3.6,60,-10,Pouch,20
B343,Nickel-metal hydride battery pack for hybrid vehicles,Graphite,1000,12.0,70,0,Cylindrical,2
B344,Lead-acid deep cycle battery for UPS,Graphite,5000,3.7,60,-10,Pouch,2
B345,Compact LiFePO4 battery for solar storage,Lithium Iron Phosphate,2500,3.2,60,0,Pouch,20
B346,Compact LiFePO4 battery for solar storage,Lithium Titanate,2500,3.7,70,0,Pouch,50
B347,Nickel-metal hydride battery pack for hybrid vehicles,Lithium Cobalt Oxide,1000,3.7,40,-10,Cylindrical,1
B348,High capacity lithium-ion cell for EVs,Nickel Manganese Cobalt,5000,3.2,40,0,Cylindrical,10
B349,Compact LiFePO4 battery for solar storage,Lithium Cobalt Oxide,3000,3.7,70,0,Prismatic,2
B350,Solid-state battery prototype for aerospace,Lithium Titanate,5000,3.6,70,0,Cylindrical,20
B351,Compact LiFePO4 battery for solar storage,Graphite,2000,3.2,70,-20,Prismatic,5
B352,Compact LiFePO4 battery for solar storage,Graphite,10000,3.7,60,-10,Pouch,2
B353,High capacity lithium-ion cell for EVs,Lithium Titanate,3000,24.0,70,-20,Prismatic,10
B354,Lead-acid deep cycle battery for UPS,Graphite,2500,3.7,50,-10,Prismatic,1
B355,Compact LiFePO4 battery for solar storage,Graphite,3000,3.6,60,-10,Pouch,2
B356,Nickel-metal hydride battery pack for hybrid vehicles,Graphite,2500,12.0,40,0,Prismatic,2
B357,Lead-acid deep cycle battery for UPS,Nickel Manganese Cobalt,2500,3.7,40,-10,Cylindrical,50
B358,Solid-state battery prototype for aerospace,Nickel Manganese Cobalt,3000,12.0,40,-20,Cylindrical,20
B359,High capacity lithium-ion cell for EVs,Lithium Iron Phosphate,2500,24.0,60,-20,Cylindrical,5
B360,Solid-state battery prototype for aerospace,Lithium Cobalt Oxide,2500,3.7,50,-20,Cylindrical,5
B361,Lead-acid deep cycle battery for UPS,Lithium Titanate,2000,3.2,70,-10,Prismatic,100
B362,Lead-acid deep cycle battery for UPS,Lithium Titanate,5000,12.0,70,-20,Prismatic,1
B363,Lead-acid deep cycle battery for UPS,Lithium Titanate,5000,24.0,40,-10,Pouch,100
B364,Solid-state battery prototype for aerospace,Lithium Iron Phosphate,10000,3.2,40,-20,Prismatic,10
B365,Lead-acid deep cycle battery for UPS,Nickel Manganese Cobalt,10000,3.2,60,-20,Prismatic,1
B366,Solid-state battery prototype for aerospace,Lithium Iron Phosphate,2000,3.2,50,-10,Prismatic,2
B367,Lead-acid deep cycle battery for UPS,Lithium Titanate,10000,3.2,70,-20,Pouch,2
B368,Nickel-metal hydride battery pack for hybrid vehicles,Lithium Cobalt Oxide,3000,3.7,60,0,Cylindrical,5
B369,Lead-acid deep cycle battery for UPS,Graphite,1000,3.7,70,-10,Prismatic,10
B370,Solid-state battery prototype for aerospace,Nickel Manganese Cobalt,1000,3.7,40,-10,Pouch,20
B371,Compact LiFePO4 battery for solar storage,Nickel Manganese Cobalt,1000,24.0,70,-10,Pouch,10
B372,Lead-acid deep cycle battery for UPS,Lithium Iron Phosphate,2000,24.0,50,0,Pouch,2
B373,Compact LiFePO4 battery for solar storage,Nickel Manganese Cobalt,2000,24.0,50,-10,Cylindrical,20
B374,Nickel-metal hydride battery pack for hybrid vehicles,Lithium Titanate,2500,3.6,40,-20,Prismatic,10
B375,High capacity lithium-ion cell for EVs,Lithium Titanate,1000,24.0,50,-20,Pouch,10
B376,Nickel-metal hydride battery pack for hybrid vehicles,Lithium Iron Phosphate,3000,3.7,50,-20,Cylindrical,20
B377,Lead-acid deep cycle battery for UPS,Lithium Titanate,10000,3.7,60,-10,Pouch,2
B378,Compact LiFePO4 battery for solar storage,Lithium Cobalt Oxide,3000,3.6,70,-20,Pouch,10
B379,Compact LiFePO4 battery for solar storage,Lithium Iron Phosphate,10000,3.6,40,-10,Pouch,20
B380,Solid-state battery prototype for aerospace,Lithium Cobalt Oxide,1000,24.0,40,-20,Pouch,50
B381,Compact LiFePO4 battery for solar storage,Graphite,1000,12.0,40,0,Pouch,50
B382,Solid-state battery prototype for aerospace,Lithium Cobalt Oxide,1000,3.6,40,0,Cylindrical,2
B383,High capacity lithium-ion cell for EVs,Graphite,2000,3.2,40,0,Prismatic,20
B384,Lead-acid deep cycle battery for UPS,Graphite,10000,3.7,50,0,Prismatic,50
B385,Solid-state battery prototype for aerospace,Lithium Cobalt Oxide,2000,3.2,60,-10,Prismatic,20
B386,High capacity lithium-ion cell for EVs,Lithium Iron Phosphate,2000,3.7,40,-20,Prismatic,10
B387,Compact LiFePO4 battery for solar storage,Lithium Titanate,5000,3.7,60,0,Cylindrical,2
B388,Compact LiFePO4 battery for solar storage,Lithium Titanate,3000,3.6,60,-10,Cylindrical,50
B389,High capacity lithium-ion cell for EVs,Graphite,3000,3.6,50,0,Cylindrical,100
B390,Compact LiFePO4 battery for solar storage,Graphite,2500,3.2,40,0,Pouch,10
B391,High capacity lithium-ion cell for EVs,Lithium Iron Phosphate,2000,3.7,50,-10,Pouch,100
B392,Solid-state battery prototype for aerospace,Nickel Manganese Cobalt,10000,3.2,40,-10,Pouch,100
B393,Solid-state battery prototype for aerospace,Lithium Cobalt Oxide,5000,12.0,50,-20,Prismatic,1
B394,High capacity lithium-ion cell for EVs,Graphite,5000,3.2,60,-20,Pouch,1
B395,Solid-state battery prototype for aerospace,Lithium Titanate,3000,24.0,40,0,Prismatic,2
B396,Solid-state battery prototype for aerospace,Lithium Iron Phosphate,2000,3.2,70,0,Pouch,50
B397,Solid-state battery prototype for aerospace,Lithium Cobalt Oxide,2500,24.0,60,-20,Prismatic,50
B398,Nickel-metal hydride battery pack for hybrid vehicles,Lithium Iron Phosphate,2000,24.0,70,-20,Pouch,50
B399,Lead-acid deep cycle battery for UPS,Lithium Cobalt Oxide,1000,24.0,60,-10,Pouch,20
B400,Compact LiFePO4 battery for solar storage,Lithium Cobalt Oxide,2000,12.0,50,-20,Cylindrical,10
B401,Nickel-metal hydride battery pack for hybrid vehicles,Graphite,1000,3.2,40,-20,Pouch,50
B402,Solid-state battery prototype for aerospace,Lithium Iron Phosphate,1000,3.2,60,0,Pouch,10
B403,High capacity lithium-ion cell for EVs,Lithium Iron Phosphate,2500,12.0,50,-20,Cylindrical,2
B404,Solid-state battery prototype for aerospace,Lithium Titanate,10000,3.7,40,0,Prismatic,100
B405,Lead-acid deep cycle battery for UPS,Lithium Titanate,3000,3.6,40,-20,Cylindrical,50
B406,Solid-state battery prototype for aerospace,Graphite,2000,3.2,60,-10,Cylindrical,2
B407,High capacity lithium-ion cell for EVs,Graphite,1000,3.6,40,-20,Prismatic,50
B408,Lead-acid deep cycle battery for UPS,Nickel Manganese Cobalt,2000,12.0,60,-20,Pouch,1
B409,Solid-state battery prototype for aerospace,Lithium Titanate,10000,3.7,40,-20,Prismatic,5
B410,Lead-acid deep cycle battery for UPS,Lithium Cobalt Oxide,3000,3.7,70,0,Pouch,2
B411,Compact LiFePO4 battery for solar storage,Lithium Iron Phosphate,10000,3.7,50,-10,Pouch,50
B412,Compact LiFePO4 battery for solar storage,Graphite,3000,12.0,70,-20,Prismatic,5
B413,Solid-state battery prototype for aerospace,Lithium Iron Phosphate,5000,24.0,60,0,Cylindrical,2
B414,Lead-acid deep cycle battery for UPS,Lithium Iron Phosphate,3000,24.0,70,-10,Prismatic,20
B415,High capacity lithium-ion cell for EVs,Nickel Manganese Cobalt,2500,3.6,60,0,Pouch,50
B416,Solid-state battery prototype for aerospace,Lithium Titanate,10000,24.0,40,0,Prismatic,20
B417,Compact LiFePO4 battery for solar storage,Graphite,1000,24.0,40,-10,Prismatic,1
B418,Compact LiFePO4 battery for solar storage,Lithium Iron Phosphate,5000,3.7,60,-20,Pouch,50
B419,Solid-state battery prototype for aerospace,Graphite,2500,3.7,70,0,Cylindrical,100
B420,Lead-acid deep cycle battery for UPS,Lithium Cobalt Oxide,2000,3.6,40,0,Prismatic,1
B421,Compact LiFePO4 battery for solar storage,Nickel Manganese Cobalt,10000,3.2,50,-20,Pouch,5
B422,Lead-acid deep cycle battery for UPS,Lithium Cobalt Oxide,1000,3.6,40,-20,Pouch,2
B423,Compact LiFePO4 battery for solar storage,Graphite,3000,3.6,50,-10,Prismatic,10
B424,Compact LiFePO4 battery for solar storage,Graphite,1000,12.0,70,-10,Cylindrical,1
B425,Nickel-metal hydride battery pack for hybrid vehicles,Lithium Titanate,2000,12.0,50,-10,Prismatic,10
B426,Compact LiFePO4 battery for solar storage,Lithium Iron Phosphate,5000,3.6,50,-20,Cylindrical,10
B427,High capacity lithium-ion cell for EVs,Lithium Iron Phosphate,5000,3.6,50,0,Cylindrical,2
B428,Solid-state battery prototype for aerospace,Lithium Cobalt Oxide,10000,3.6,50,0,Cylindrical,5
B429,Solid-state battery prototype for aerospace,Nickel Manganese Cobalt,5000,24.0,40,-10,Cylindrical,2
B430,Lead-acid deep cycle battery for UPS,Lithium Iron Phosphate,10000,12.0,50,-20,Prismatic,50
B431,Compact LiFePO4 battery for solar storage,Lithium Titanate,10000,3.6,40,0,Pouch,1
B432,High capacity lithium-ion cell for EVs,Lithium Cobalt Oxide,10000,3.7,50,-10,Pouch,10
B433,Lead-acid deep cycle battery for UPS,Lithium Cobalt Oxide,3000,3.7,60,0,Pouch,2
B434,Nickel-metal hydride battery pack for hybrid vehicles,Lithium Titanate,2500,24.0,70,0,Pouch,2
B435,Lead-acid deep cycle battery for UPS,Nickel Manganese Cobalt,10000,24.0,50,-20,Pouch,2
B436,Lead-acid deep cycle battery for UPS,Lithium Titanate,10000,3.2,60,-20,Pouch,1
B437,Compact LiFePO4 battery for solar storage,Nickel Manganese Cobalt,2500,3.2,50,0,Prismatic,5
B438,Nickel-metal hydride battery pack for hybrid vehicles,Lithium Titanate,1000,3.2,50,-10,Cylindrical,100
B439,Lead-acid deep cycle battery for UPS,Lithium Titanate,10000,24.0,50,-20,Pouch,2
B440,High capacity lithium-ion cell for EVs,Graphite,3000,24.0,60,0,Prismatic,1
B441,High capacity lithium-ion cell for EVs,Lithium Cobalt Oxide,5000,24.0,70,-20,Pouch,10
B442,Solid-state battery prototype for aerospace,Lithium Titanate,5000,3.7,60,-20,Pouch,50
B443,Nickel-metal hydride battery pack for hybrid vehicles,Lithium Titanate,2000,24.0,70,-20,Cylindrical,100
B444,Nickel-metal hydride battery pack for hybrid vehicles,Lithium Iron Phosphate,2000,3.7,50,0,Cylindrical,20
B445,Solid-state battery prototype for aerospace,Lithium Cobalt Oxide,5000,3.2,40,-10,Cylindrical,100
B446,Lead-acid deep cycle battery for UPS,Lithium Iron Phosphate,5000,3.2,50,-10,Pouch,100
B447,Nickel-metal hydride battery pack for hybrid vehicles,Lithium Cobalt Oxide,3000,3.2,70,-10,Pouch,1
B448,High capacity lithium-ion cell for EVs,Lithium Iron Phosphate,2500,3.6,60,-20,Pouch,20
B449,High capacity lithium-ion cell for EVs,Lithium Titanate,2000,3.6,50,0,Cylindrical,2
B450,Compact LiFePO4 battery for solar storage,Lithium Titanate,2500,12.0,60,-20,Prismatic,2
B451,Nickel-metal hydride battery pack for hybrid vehicles,Graphite,3000,12.0,60,-10,Pouch,100
B452,Lead-acid deep cycle battery for UPS,Lithium Iron Phosphate,5000,12.0,60,-10,Pouch,1
B453,Solid-state battery prototype for aerospace,Nickel Manganese Cobalt,10000,3.6,50,0,Pouch,20
B454,Solid-state battery prototype for aerospace,Graphite,2500,3.6,60,-20,Prismatic,2
B455,Lead-acid deep cycle battery for UPS,Lithium Iron Phosphate,5000,12.0,60,-10,Pouch,10
B456,Compact LiFePO4 battery for solar storage,Lithium Iron Phosphate,5000,12.0,50,0,Prismatic,5
B457,Solid-state battery prototype for aerospace,Graphite,1000,24.0,60,-20,Pouch,5
B458,Nickel-metal hydride battery pack for hybrid vehicles,Lithium Titanate,2500,12.0,50,-20,Prismatic,2
B459,Compact LiFePO4 battery for solar storage,Lithium Iron Phosphate,10000,24.0,70,-10,Pouch,20
B460,Nickel-metal hydride battery pack for hybrid vehicles,Lithium Titanate,2500,3.7,70,-10,Cylindrical,50
B461,High capacity lithium-ion cell for EVs,Graphite,5000,3.6,70,-20,Cylindrical,2
B462,Compact LiFePO4 battery for solar storage,Lithium Titanate,10000,12.0,60,-20,Cylindrical,50
B463,Solid-state battery prototype for aerospace,Lithium Cobalt Oxide,3000,3.6,40,-10,Cylindrical,50
B464,Compact LiFePO4 battery for solar storage,Nickel Manganese Cobalt,1000,3.6,40,-20,Pouch,20
B465,Compact LiFePO4 battery for solar storage,Lithium Iron Phosphate,5000,3.6,60,-10,Cylindrical,50
B466,Compact LiFePO4 battery for solar storage,Nickel Manganese Cobalt,2000,3.7,40,-20,Prismatic,10
B467,Compact LiFePO4 battery for solar storage,Lithium Titanate,2000,3.2,50,-10,Cylindrical,20
B468,Nickel-metal hydride battery pack for hybrid vehicles,Lithium Iron Phosphate,1000,12.0,40,0,Cylindrical,2
B469,High capacity lithium-ion cell for EVs,Lithium Titanate,3000,3.2,60,-10,Cylindrical,100
B470,Lead-acid deep cycle battery for UPS,Lithium Cobalt Oxide,5000,3.2,60,-10,Pouch,10
B471,Compact LiFePO4 battery for solar storage,Graphite,2500,3.2,50,0,Cylindrical,1
B472,Solid-state battery prototype for aerospace,Lithium Iron Phosphate,1000,3.6,70,-20,Prismatic,5
B473,Compact LiFePO4 battery for solar storage,Lithium Cobalt Oxide,3000,24.0,60,0,Cylindrical,2
B474,Solid-state battery prototype for aerospace,Lithium Cobalt Oxide,2500,3.6,50,-10,Cylindrical,2
B475,Nickel-metal hydride battery pack for hybrid vehicles,Lithium Iron Phosphate,2000,3.6,40,-20,Cylindrical,2
B476,Solid-state battery prototype for aerospace,Lithium Titanate,2000,3.2,40,0,Prismatic,10
B477,Lead-acid deep cycle battery for UPS,Lithium Cobalt Oxide,2500,3.6,50,-20,Cylindrical,1
B478,High capacity lithium-ion cell for EVs,Nickel Manganese Cobalt,1000,3.2,50,-20,Prismatic,100
B479,Solid-state battery prototype for aerospace,Lithium Cobalt Oxide,2000,24.0,60,0,Prismatic,20
B480,Solid-state battery prototype for aerospace,Lithium Titanate,5000,12.0,40,-20,Cylindrical,1
B481,High capacity lithium-ion cell for EVs,Lithium Titanate,10000,3.2,50,0,Prismatic,10
B482,Lead-acid deep cycle battery for UPS,Nickel Manganese Cobalt,2500,24.0,40,-10,Pouch,2
B483,Compact LiFePO4 battery for solar storage,Lithium Cobalt Oxide,2500,12.0,50,-20,Cylindrical,5
B484,Solid-state battery prototype for aerospace,Lithium Titanate,2000,3.7,40,-10,Cylindrical,2
B485,High capacity lithium-ion cell for EVs,Lithium Iron Phosphate,1000,3.2,70,-10,Prismatic,20
B486,Nickel-metal hydride battery pack for hybrid vehicles,Graphite,5000,3.2,60,-20,Prismatic,50
B487,High capacity lithium-ion cell for EVs,Graphite,1000,3.7,40,0,Cylindrical,5
B488,Nickel-metal hydride battery pack for hybrid vehicles,Graphite,3000,3.7,70,-20,Pouch,2
B489,Lead-acid deep cycle battery for UPS,Lithium Cobalt Oxide,3000,3.2,40,-10,Prismatic,100
B490,Compact LiFePO4 battery for solar storage,Nickel Manganese Cobalt,10000,3.7,40,-10,Prismatic,5
B491,High capacity lithium-ion cell for EVs,Lithium Titanate,2000,3.6,70,0,Pouch,50
B492,Solid-state battery prototype for aerospace,Lithium Iron Phosphate,2000,12.0,40,-20,Pouch,1
B493,Lead-acid deep cycle battery for UPS,Lithium Iron Phosphate,2000,12.0,40,-10,Cylindrical,10
B494,High capacity lithium-ion cell for EVs,Lithium Cobalt Oxide,10000,12.0,60,-10,Pouch,2
B495,Solid-state battery prototype for aerospace,Graphite,3000,3.6,70,-10,Cylindrical,20
B496,High capacity lithium-ion cell for EVs,Lithium Cobalt Oxide,1000,3.7,70,0,Pouch,1
B497,Nickel-metal hydride battery pack for hybrid vehicles,Nickel Manganese Cobalt,10000,24.0,50,-10,Prismatic,2
B498,High capacity lithium-ion cell for EVs,Nickel Manganese Cobalt,10000,3.7,40,-10,Cylindrical,1
B499,High capacity lithium-ion cell for EVs,Lithium Titanate,1000,3.2,60,-20,Cylindrical,20
B500,High capacity lithium-ion cell for EVs,Lithium Titanate,2000,12.0,40,-20,Cylindrical,2
B501,Lead-acid deep cycle battery for UPS,Nickel Manganese Cobalt,5000,3.7,40,-10,Pouch,50
B502,High capacity lithium-ion cell for EVs,Nickel Manganese Cobalt,1000,24.0,50,-10,Prismatic,50
B503,Solid-state battery prototype for aerospace,Nickel Manganese Cobalt,3000,3.2,40,-20,Cylindrical,20
B504,Nickel-metal hydride battery pack for hybrid vehicles,Lithium Cobalt Oxide,2500,3.6,60,0,Cylindrical,5
B505,Nickel-metal hydride battery pack for hybrid vehicles,Nickel Manganese Cobalt,2500,3.6,60,0,Cylindrical,20
B506,High capacity lithium-ion cell for EVs,Lithium Iron Phosphate,10000,24.0,50,0,Cylindrical,5
B507,Lead-acid deep cycle battery for UPS,Graphite,2500,3.2,40,0,Prismatic,2
B508,Lead-acid deep cycle battery for UPS,Nickel Manganese Cobalt,5000,12.0,60,0,Pouch,5
B509,Solid-state battery prototype for aerospace,Graphite,2000,3.7,40,0,Prismatic,2
B510,High capacity lithium-ion cell for EVs,Lithium Cobalt Oxide,3000,3.2,40,0,Cylindrical,2
B511,Nickel-metal hydride battery pack for hybrid vehicles,Graphite,5000,3.6,40,0,Prismatic,100
B512,Lead-acid deep cycle battery for UPS,Lithium Cobalt Oxide,3000,24.0,50,-20,Cylindrical,10
B513,High capacity lithium-ion cell for EVs,Lithium Iron Phosphate,3000,24.0,40,0,Pouch,2
B514,Lead-acid deep cycle battery for UPS,Lithium Cobalt Oxide,2000,3.7,60,0,Pouch,5
B515,Lead-acid deep cycle battery for UPS,Lithium Cobalt Oxide,10000,24.0,40,0,Pouch,10
B516,Nickel-metal hydride battery pack for hybrid vehicles,Lithium Titanate,2500,24.0,60,-10,Cylindrical,10
B517,Compact LiFePO4 battery for solar storage,Nickel Manganese Cobalt,2000,3.2,40,-20,Prismatic,2
B518,Solid-state battery prototype for aerospace,Nickel Manganese Cobalt,5000,12.0,60,-20,Pouch,20
B519,Solid-state battery prototype for aerospace,Lithium Iron Phosphate,10000,3.7,60,-20,Cylindrical,20
B520,Nickel-metal hydride battery pack for hybrid vehicles,Lithium Iron Phosphate,5000,3.2,40,0,Cylindrical,50
B521,Lead-acid deep cycle battery for UPS,Nickel Manganese Cobalt,10000,12.0,40,0,Prismatic,10
B522,High capacity lithium-ion cell for EVs,Lithium Titanate,5000,3.2,60,-10,Pouch,2
B523,Lead-acid deep cycle battery for UPS,Nickel Manganese Cobalt,2000,3.2,70,-20,Cylindrical,100
B524,Nickel-metal hydride battery pack for hybrid vehicles,Lithium Titanate,10000,24.0,50,0,Prismatic,20
B525,Solid-state battery prototype for aerospace,Lithium Iron Phosphate,10000,12.0,70,-20,Pouch,100
B526,Lead-acid deep cycle battery for UPS,Graphite,3000,3.7,70,-10,Prismatic,2
B527,Solid-state battery prototype for aerospace,Lithium Iron Phosphate,3000,3.7,40,-10,Prismatic,2
B528,High capacity lithium-ion cell for EVs,Lithium Iron Phosphate,1000,12.0,50,-10,Cylindrical,10
B529,Solid-state battery prototype for aerospace,Lithium Cobalt Oxide,5000,24.0,70,-20,Cylindrical,100
B530,Solid-state battery prototype for aerospace,Lithium Cobalt Oxide,3000,3.6,40,0,Cylindrical,50
B531,Compact LiFePO4 battery for solar storage,Lithium Cobalt Oxide,1000,3.2,70,0,Prismatic,10
B532,Compact LiFePO4 battery for solar storage,Lithium Cobalt Oxide,3000,24.0,70,-10,Cylindrical,1
B533,Compact LiFePO4 battery for solar storage,Lithium Titanate,5000,12.0,40,0,Prismatic,100
B534,Solid-state battery prototype for aerospace,Nickel Manganese Cobalt,10000,3.2,40,-10,Prismatic,20
B535,Nickel-metal hydride battery pack for hybrid vehicles,Graphite,2500,3.7,40,-20,Cylindrical,20
B536,Solid-state battery prototype for aerospace,Lithium Iron Phosphate,5000,3.6,50,-10,Pouch,20
B537,Nickel-metal hydride battery pack for hybrid vehicles,Lithium Titanate,2000,3.7,70,-20,Pouch,5
B538,Nickel-metal hydride battery pack for hybrid vehicles,Graphite,3000,12.0,40,-10,Pouch,2
B539,Compact LiFePO4 battery for solar storage,Lithium Titanate,3000,3.2,60,0,Prismatic,10
B540,Lead-acid deep cycle battery for UPS,Lithium Titanate,10000,12.0,70,0,Prismatic,20
B541,High capacity lithium-ion cell for EVs,Lithium Iron Phosphate,2000,3.2,60,-10,Prismatic,1
B542,Compact LiFePO4 battery for solar storage,Nickel Manganese Cobalt,10000,24.0,50,0,Cylindrical,20
B543,Compact LiFePO4 battery for solar storage,Lithium Cobalt Oxide,2000,3.6,40,0,Prismatic,50
B544,Lead-acid deep cycle battery for UPS,Nickel Manganese Cobalt,2500,24.0,60,0,Cylindrical,2
B545,High capacity lithium-ion cell for EVs,Lithium Iron Phosphate,3000,24.0,50,-20,Cylindrical,100
B546,Solid-state battery prototype for aerospace,Lithium Iron Phosphate,3000,12.0,40,0,Pouch,2
B547,Solid-state battery prototype for aerospace,Lithium Iron Phosphate,2500,3.6,60,-20,Pouch,100
B548,Compact LiFePO4 battery for solar storage,Graphite,1000,3.2,60,-10,Pouch,100
B549,High capacity lithium-ion cell for EVs,Nickel Manganese Cobalt,10000,3.2,50,0,Cylindrical,10
B550,Compact LiFePO4 battery for solar storage,Nickel Manganese Cobalt,2500,3.7,40,0,Cylindrical,5
B551,Nickel-metal hydride battery pack for hybrid vehicles,Lithium Titanate,10000,3.2,40,0,Cylindrical,100
B552,Compact LiFePO4 battery for solar storage,Lithium Titanate,5000,12.0,60,-10,Prismatic,100
B553,Compact LiFePO4 battery for solar storage,Lithium Titanate,3000,24.0,60,-20,Cylindrical,10
B554,Solid-state battery prototype for aerospace,Lithium Iron Phosphate,10000,24.0,60,-20,Pouch,20
B555,Solid-state battery prototype for aerospace,Nickel Manganese Cobalt,2000,24.0,40,0,Pouch,50
B556,Solid-state battery prototype for aerospace,Lithium Iron Phosphate,10000,3.6,50,-10,Cylindrical,1
B557,Nickel-metal hydride battery pack for hybrid vehicles,Graphite,5000,3.2,50,-10,Cylindrical,10
B558,Solid-state battery prototype for aerospace,Lithium Titanate,3000,12.0,40,-10,Pouch,5
B559,High capacity lithium-ion cell for EVs,Lithium Iron Phosphate,2500,3.6,70,-10,Cylindrical,10
B560,Lead-acid deep cycle battery for UPS,Lithium Iron Phosphate,5000,3.7,50,-10,Pouch,2
B561,High capacity lithium-ion cell for EVs,Graphite,3000,12.0,60,-20,Prismatic,20
B562,High capacity lithium-ion cell for EVs,Lithium Cobalt Oxide,10000,12.0,70,-20,Pouch,20
B563,Solid-state battery prototype for aerospace,Nickel Manganese Cobalt,1000,12.0,70,-20,Prismatic,100
B564,Lead-acid deep cycle battery for UPS,Lithium Cobalt Oxide,1000,24.0,50,0,Cylindrical,20
B565,Lead-acid deep cycle battery for UPS,Lithium Titanate,2000,12.0,70,-10,Cylindrical,20
B566,Lead-acid deep cycle battery for UPS,Lithium Iron Phosphate,3000,3.2,70,0,Prismatic,20
B567,Nickel-metal hydride battery pack for hybrid vehicles,Graphite,1000,12.0,50,-10,Cylindrical,20
B568,Solid-state battery prototype for aerospace,Graphite,2500,24.0,50,-20,Prismatic,1
B569,Lead-acid deep cycle battery for UPS,Nickel Manganese Cobalt,3000,12.0,70,0,Cylindrical,5
B570,Nickel-metal hydride battery pack for hybrid vehicles,Lithium Cobalt Oxide,2500,3.7,60,-20,Pouch,100
B571,Compact LiFePO4 battery for solar storage,Nickel Manganese Cobalt,2500,3.7,40,-10,Cylindrical,20
B572,Compact LiFePO4 battery for solar storage,Lithium Iron Phosphate,1000,24.0,70,-10,Pouch,100
B573,Nickel-metal hydride battery pack for hybrid vehicles,Nickel Manganese Cobalt,3000,3.2,70,-10,Pouch,5
B574,Nickel-metal hydride battery pack for hybrid vehicles,Graphite,10000,3.2,60,-20,Prismatic,50
B575,Solid-state battery prototype for aerospace,Graphite,5000,3.6,70,-10,Cylindrical,20
B576,Solid-state battery prototype for aerospace,Lithium Titanate,1000,24.0,70,-20,Prismatic,100
B577,Compact LiFePO4 battery for solar storage,Lithium Titanate,1000,12.0,40,0,Cylindrical,10
B578,Lead-acid deep cycle battery for UPS,Lithium Iron Phosphate,10000,24.0,40,-10,Pouch,100
B579,Compact LiFePO4 battery for solar storage,Lithium Cobalt Oxide,3000,3.6,40,-10,Pouch,20
B580,Lead-acid deep cycle battery for UPS,Nickel Manganese Cobalt,3000,24.0,50,-10,Cylindrical,2
B581,Lead-acid deep cycle battery for UPS,Lithium Iron Phosphate,2500,24.0,50,0,Cylindrical,1
B582,Solid-state battery prototype for aerospace,Lithium Titanate,10000,3.6,40,-10,Prismatic,10
B583,High capacity lithium-ion cell for EVs,Nickel Manganese Cobalt,10000,3.2,40,-20,Cylindrical,10
B584,High capacity lithium-ion cell for EVs,Lithium Titanate,3000,12.0,50,-20,Cylindrical,2
B585,Nickel-metal hydride battery pack for hybrid vehicles,Nickel Manganese Cobalt,2500,3.6,60,-10,Cylindrical,20
B586,Solid-state battery prototype for aerospace,Lithium Cobalt Oxide,1000,3.7,70,-10,Prismatic,1
B587,Lead-acid deep cycle battery for UPS,Lithium Iron Phosphate,2000,3.2,70,0,Cylindrical,10
B588,High capacity lithium-ion cell for EVs,Nickel Manganese Cobalt,5000,3.7,40,0,Pouch,1
B589,Lead-acid deep cycle battery for UPS,Graphite,1000,3.2,60,0,Prismatic,10
B590,High capacity lithium-ion cell for EVs,Graphite,3000,12.0,50,-10,Prismatic,20
B591,High capacity lithium-ion cell for EVs,Nickel Manganese Cobalt,5000,12.0,40,0,Pouch,50
B592,High capacity lithium-ion cell for EVs,Nickel Manganese Cobalt,2000,24.0,60,0,Pouch,10
B593,Solid-state battery prototype for aerospace,Nickel Manganese Cobalt,2000,3.7,60,-20,Pouch,50
B594,Compact LiFePO4 battery for solar storage,Graphite,2500,3.2,60,0,Cylindrical,10
B595,Lead-acid deep cycle battery for UPS,Graphite,5000,12.0,50,-20,Pouch,5
B596,Solid-state battery prototype for aerospace,Nickel Manganese Cobalt,2500,3.6,50,-20,Cylindrical,20
B597,Solid-state battery prototype for aerospace,Lithium Titanate,1000,12.0,70,0,Prismatic,2
B598,Solid-state battery prototype for aerospace,Lithium Titanate,10000,3.6,70,-20,Prismatic,50
B599,Solid-state battery prototype for aerospace,Lithium Cobalt Oxide,10000,3.2,60,-10,Pouch,2
B600,Solid-state battery prototype for aerospace,Lithium Iron Phosphate,10000,12.0,60,-10,Cylindrical,20
B601,Nickel-metal hydride battery pack for hybrid vehicles,Lithium Titanate,5000,12.0,50,0,Pouch,100
B602,Lead-acid deep cycle battery for UPS,Graphite,10000,3.2,70,-10,Pouch,2
B603,Solid-state battery prototype for aerospace,Lithium Titanate,1000,12.0,60,-20,Cylindrical,20
B604,Lead-acid deep cycle battery for UPS,Lithium Cobalt Oxide,2500,3.6,70,-10,Pouch,2
B605,Nickel-metal hydride battery pack for hybrid vehicles,Lithium Cobalt Oxide,5000,12.0,70,0,Prismatic,50
B606,Nickel-metal hydride battery pack for hybrid vehicles,Lithium Iron Phosphate,2500,3.7,60,0,Pouch,5
B607,Lead-acid deep cycle battery for UPS,Lithium Titanate,5000,24.0,50,-20,Cylindrical,2
B608,High capacity lithium-ion cell for EVs,Graphite,2500,3.6,60,0,Cylindrical,50
B609,Compact LiFePO4 battery for solar storage,Graphite,2000,3.7,60,-10,Prismatic,10
B610,High capacity lithium-ion cell for EVs,Nickel Manganese Cobalt,2500,3.2,70,0,Cylindrical,20
B611,High capacity lithium-ion cell for EVs,Graphite,10000,3.6,60,-20,Cylindrical,1
B612,High capacity lithium-ion cell for EVs,Lithium Iron Phosphate,2000,24.0,50,0,Prismatic,100
B613,Solid-state battery prototype for aerospace,Lithium Iron Phosphate,2500,24.0,60,-10,Pouch,1
B614,Nickel-metal hydride battery pack for hybrid vehicles,Graphite,5000,3.2,50,-20,Prismatic,20
B615,High capacity lithium-ion cell for EVs,Graphite,5000,3.2,50,-10,Pouch,5
B616,Nickel-metal hydride battery pack for hybrid vehicles,Nickel Manganese Cobalt,5000,3.6,70,-20,Prismatic,2
B617,Lead-acid deep cycle battery for UPS,Graphite,3000,12.0,40,0,Pouch,5
B618,Compact LiFePO4 battery for solar storage,Nickel Manganese Cobalt,1000,3.2,40,-20,Prismatic,1
B619,Lead-acid deep cycle battery for UPS,Nickel Manganese Cobalt,5000,12.0,70,-20,Pouch,100
B620,Lead-acid deep cycle battery for UPS,Graphite,2000,3.7,60,0,Prismatic,50
B621,Solid-state battery prototype for aerospace,Lithium Cobalt Oxide,5000,24.0,70,-10,Pouch,100
B622,Compact LiFePO4 battery for solar storage,Lithium Cobalt Oxide,3000,12.0,50,0,Prismatic,20
B623,Lead-acid deep cycle battery for UPS,Nickel Manganese Cobalt,10000,24.0,40,-20,Cylindrical,20
B624,Lead-acid deep cycle battery for UPS,Graphite,2000,12.0,70,0,Pouch,5
B625,Compact LiFePO4 battery for solar storage,Lithium Cobalt Oxide,3000,3.7,60,-20,Prismatic,50
B626,Compact LiFePO4 battery for solar storage,Graphite,10000,3.2,70,0,Pouch,5
B627,Lead-acid deep cycle battery for UPS,Graphite,2000,3.7,40,0,Pouch,2
B628,Compact LiFePO4 battery for solar storage,Graphite,2500,3.2,70,-10,Prismatic,10
B629,Lead-acid deep cycle battery for UPS,Lithium Titanate,1000,3.2,70,-20,Pouch,50
B630,Lead-acid deep cycle battery for UPS,Graphite,1000,24.0,40,-10,Prismatic,10
B631,Solid-state battery prototype for aerospace,Lithium Titanate,3000,3.7,50,-20,Cylindrical,100
B632,High capacity lithium-ion cell for EVs,Nickel Manganese Cobalt,10000,12.0,50,0,Pouch,2
B633,Lead-acid deep cycle battery for UPS,Lithium Cobalt Oxide,1000,3.7,40,-20,Cylindrical,10
B634,Nickel-metal hydride battery pack for hybrid vehicles,Lithium Cobalt Oxide,10000,24.0,70,-10,Pouch,1
B635,High capacity lithium-ion cell for EVs,Lithium Cobalt Oxide,10000,3.2,40,-10,Pouch,100
B636,High capacity lithium-ion cell for EVs,Lithium Cobalt Oxide,3000,24.0,50,-10,Pouch,10
B637,High capacity lithium-ion cell for EVs,Lithium Cobalt Oxide,3000,3.6,60,-20,Prismatic,2
B638,Solid-state battery prototype for aerospace,Lithium Cobalt Oxide,3000,3.6,70,-10,Cylindrical,10
B639,Lead-acid deep cycle battery for UPS,Lithium Cobalt Oxide,1000,12.0,50,-10,Pouch,20
B640,Solid-state battery prototype for aerospace,Nickel Manganese Cobalt,3000,24.0,70,-10,Prismatic,5
B641,Lead-acid deep cycle battery for UPS,Graphite,1000,12.0,40,0,Pouch,1
B642,Solid-state battery prototype for aerospace,Lithium Iron Phosphate,3000,12.0,60,0,Prismatic,20
B643,Solid-state battery prototype for aerospace,Lithium Titanate,5000,3.6,40,-20,Pouch,20
B644,Nickel-metal hydride battery pack for hybrid vehicles,Lithium Iron Phosphate,10000,12.0,60,-20,Cylindrical,2
B645,Solid-state battery prototype for aerospace,Lithium Iron Phosphate,3000,3.6,70,-10,Cylindrical,5
B646,Compact LiFePO4 battery for solar storage,Graphite,2000,3.2,70,0,Pouch,5
B647,Nickel-metal hydride battery pack for hybrid vehicles,Graphite,10000,24.0,40,-10,Prismatic,50
B648,Solid-state battery prototype for aerospace,Graphite,10000,12.0,60,-10,Pouch,100
B649,High capacity lithium-ion cell for EVs,Lithium Cobalt Oxide,3000,3.6,60,0,Prismatic,1
B650,Compact LiFePO4 battery for solar storage,Nickel Manganese Cobalt,2500,3.7,70,0,Pouch,100
B651,Compact LiFePO4 battery for solar storage,Lithium Cobalt Oxide,3000,12.0,40,0,Prismatic,2
B652,Compact LiFePO4 battery for solar storage,Nickel Manganese Cobalt,10000,3.2,60,-20,Cylindrical,1
B653,Nickel-metal hydride battery pack for hybrid vehicles,Nickel Manganese Cobalt,2000,3.2,70,-20,Pouch,50
B654,Solid-state battery prototype for aerospace,Lithium Iron Phosphate,10000,3.7,50,-10,Cylindrical,10
B655,Solid-state battery prototype for aerospace,Lithium Iron Phosphate,2000,3.6,40,-20,Cylindrical,20
B656,High capacity lithium-ion cell for EVs,Nickel Manganese Cobalt,1000,12.0,50,0,Pouch,1
B657,High capacity lithium-ion cell for EVs,Nickel Manganese Cobalt,5000,3.6,40,0,Pouch,100
B658,Compact LiFePO4 battery for solar storage,Lithium Cobalt Oxide,10000,3.2,70,-20,Prismatic,20
B659,High capacity lithium-ion cell for EVs,Lithium Cobalt Oxide,3000,3.6,60,-10,Prismatic,2
B660,Nickel-metal hydride battery pack for hybrid vehicles,Lithium Iron Phosphate,1000,3.2,60,-10,Cylindrical,100
B661,Solid-state battery prototype for aerospace,Graphite,5000,3.6,60,-20,Prismatic,10
B662,Compact LiFePO4 battery for solar storage,Nickel Manganese Cobalt,3000,3.7,40,-10,Prismatic,2
B663,High capacity lithium-ion cell for EVs,Lithium Cobalt Oxide,2500,24.0,70,-10,Pouch,10
B664,Nickel-metal hydride battery pack for hybrid vehicles,Lithium Iron Phosphate,3000,3.7,50,-10,Prismatic,10
B665,Nickel-metal hydride battery pack for hybrid vehicles,Lithium Cobalt Oxide,2000,3.7,70,0,Cylindrical,20
B666,High capacity lithium-ion cell for EVs,Nickel Manganese Cobalt,2000,24.0,50,0,Prismatic,2
B667,Solid-state battery prototype for aerospace,Nickel Manganese Cobalt,2500,24.0,40,-20,Cylindrical,2
B668,High capacity lithium-ion cell for EVs,Lithium Titanate,1000,12.0,40,0,Pouch,1
B669,Compact LiFePO4 battery for solar storage,Graphite,5000,12.0,50,-10,Cylindrical,100
B670,High capacity lithium-ion cell for EVs,Lithium Titanate,3000,3.7,50,0,Prismatic,2
B671,Nickel-metal hydride battery pack for hybrid vehicles,Lithium Iron Phosphate,2000,3.7,50,-20,Pouch,1
B672,High capacity lithium-ion cell for EVs,Lithium Cobalt Oxide,1000,3.2,70,0,Prismatic,5
B673,Solid-state battery prototype for aerospace,Lithium Iron Phosphate,2500,3.2,50,-10,Pouch,5
B674,Lead-acid deep cycle battery for UPS,Nickel Manganese Cobalt,10000,12.0,40,-10,Pouch,5
B675,High capacity lithium-ion cell for EVs,Lithium Titanate,2000,12.0,40,-20,Prismatic,50
B676,Solid-state battery prototype for aerospace,Lithium Titanate,2500,3.2,60,0,Prismatic,2
B677,Solid-state battery prototype for aerospace,Lithium Titanate,3000,3.2,50,0,Pouch,50
B678,Nickel-metal hydride battery pack for hybrid vehicles,Lithium Iron Phosphate,5000,3.6,70,0,Pouch,100
B679,Solid-state battery prototype for aerospace,Nickel Manganese Cobalt,2000,3.6,70,-10,Prismatic,2
B680,Solid-state battery prototype for aerospace,Lithium Cobalt Oxide,2000,3.2,70,-20,Cylindrical,1
B681,Solid-state battery prototype for aerospace,Lithium Cobalt Oxide,3000,3.6,60,0,Prismatic,50
B682,Solid-state battery prototype for aerospace,Lithium Iron Phosphate,10000,24.0,40,-10,Pouch,50
B683,Compact LiFePO4 battery for solar storage,Lithium Titanate,1000,12.0,70,-10,Prismatic,100
B684,Compact LiFePO4 battery for solar storage,Graphite,5000,12.0,40,-10,Cylindrical,50
B685,Nickel-metal hydride battery pack for hybrid vehicles,Lithium Iron Phosphate,2000,3.2,60,0,Prismatic,10
B686,High capacity lithium-ion cell for EVs,Lithium Iron Phosphate,5000,3.7,50,0,Pouch,1
B687,Solid-state battery prototype for aerospace,Nickel Manganese Cobalt,2000,3.2,50,0,Prismatic,5
B688,High capacity lithium-ion cell for EVs,Lithium Cobalt Oxide,5000,3.6,50,0,Pouch,1
B689,High capacity lithium-ion cell for EVs,Lithium Iron Phosphate,2500,3.7,70,0,Pouch,10
B690,Nickel-metal hydride battery pack for hybrid vehicles,Lithium Iron Phosphate,2000,3.6,50,0,Prismatic,100
B691,Solid-state battery prototype for aerospace,Lithium Titanate,5000,24.0,70,0,Pouch,100
B692,Solid-state battery prototype for aerospace,Lithium Titanate,1000,3.6,60,0,Pouch,2
B693,Lead-acid deep cycle battery for UPS,Graphite,2500,24.0,60,0,Cylindrical,1
B694,High capacity lithium-ion cell for EVs,Nickel Manganese Cobalt,2500,24.0,70,-10,Cylindrical,100
B695,High capacity lithium-ion cell for EVs,Graphite,1000,3.6,40,0,Cylindrical,50
B696,Compact LiFePO4 battery for solar storage,Lithium Titanate,5000,3.6,50,-20,Cylindrical,100
B697,Lead-acid deep cycle battery for UPS,Lithium Cobalt Oxide,3000,24.0,50,-10,Pouch,100
B698,Compact LiFePO4 battery for solar storage,Lithium Titanate,1000,3.7,50,0,Prismatic,100
B699,Compact LiFePO4 battery for solar storage,Nickel Manganese Cobalt,5000,24.0,70,-20,Pouch,100
B700,Compact LiFePO4 battery for solar storage,Lithium Titanate,1000,12.0,60,0,Pouch,5
B701,Nickel-metal hydride battery pack for hybrid vehicles,Nickel Manganese Cobalt,1000,24.0,50,-20,Pouch,5
B702,Nickel-metal hydride battery pack for hybrid vehicles,Nickel Manganese Cobalt,2000,3.7,60,-20,Prismatic,2
B703,Compact LiFePO4 battery for solar storage,Nickel Manganese Cobalt,5000,12.0,50,-20,Cylindrical,100
B704,Lead-acid deep cycle battery for UPS,Nickel Manganese Cobalt,3000,3.2,50,-20,Pouch,1
B705,High capacity lithium-ion cell for EVs,Nickel Manganese Cobalt,2000,3.2,70,-10,Pouch,10
B706,Lead-acid deep cycle battery for UPS,Lithium Cobalt Oxide,1000,3.7,40,-10,Cylindrical,2
B707,Solid-state battery prototype for aerospace,Graphite,10000,24.0,70,-20,Pouch,1
B708,Nickel-metal hydride battery pack for hybrid vehicles,Lithium Iron Phosphate,1000,3.6,50,0,Prismatic,100
B709,High capacity lithium-ion cell for EVs,Graphite,1000,3.7,50,-20,Pouch,20
B710,High capacity lithium-ion cell for EVs,Nickel Manganese Cobalt,5000,12.0,40,-10,Pouch,100
B711,Solid-state battery prototype for aerospace,Lithium Cobalt Oxide,5000,12.0,60,0,Cylindrical,5
B712,Solid-state battery prototype for aerospace,Lithium Titanate,2000,3.2,60,-10,Pouch,10
B713,Compact LiFePO4 battery for solar storage,Lithium Cobalt Oxide,3000,12.0,50,-10,Pouch,50
B714,Nickel-metal hydride battery pack for hybrid vehicles,Nickel Manganese Cobalt,2000,3.7,60,0,Prismatic,10
B715,Nickel-metal hydride battery pack for hybrid vehicles,Lithium Cobalt Oxide,2500,12.0,50,-20,Cylindrical,50
B716,Lead-acid deep cycle battery for UPS,Lithium Cobalt Oxide,1000,3.7,40,-20,Cylindrical,10
B717,Compact LiFePO4 battery for solar storage,Nickel Manganese Cobalt,10000,3.6,40,-20,Prismatic,5
B718,Compact LiFePO4 battery for solar storage,Lithium Cobalt Oxide,1000,3.2,50,-20,Pouch,50
B719,Compact LiFePO4 battery for solar storage,Lithium Iron Phosphate,1000,12.0,40,0,Cylindrical,1
B720,Compact LiFePO4 battery for solar storage,Lithium Iron Phosphate,2000,3.7,70,0,Cylindrical,50
B721,Nickel-metal hydride battery pack for hybrid vehicles,Lithium Cobalt Oxide,10000,24.0,70,0,Pouch,2
B722,Nickel-metal hydride battery pack for hybrid vehicles,Lithium Titanate,10000,3.2,40,-10,Pouch,1
B723,Compact LiFePO4 battery for solar storage,Nickel Manganese Cobalt,10000,3.6,50,0,Cylindrical,2
B724,Lead-acid deep cycle battery for UPS,Lithium Iron Phosphate,2000,3.7,50,-20,Pouch,100
B725,High capacity lithium-ion cell for EVs,Lithium Titanate,1000,3.6,40,-10,Cylindrical,10
B726,High capacity lithium-ion cell for EVs,Lithium Cobalt Oxide,2000,3.6,60,-20,Pouch,1
B727,Lead-acid deep cycle battery for UPS,Lithium Titanate,5000,12.0,70,-20,Pouch,10
B728,Compact LiFePO4 battery for solar storage,Graphite,5000,12.0,60,0,Prismatic,100
B729,Nickel-metal hydride battery pack for hybrid vehicles,Lithium Iron Phosphate,2000,3.7,50,0,Pouch,20
B730,High capacity lithium-ion cell for EVs,Lithium Cobalt Oxide,10000,24.0,50,-20,Prismatic,10
B731,Solid-state battery prototype for aerospace,Nickel Manganese Cobalt,1000,3.7,60,-20,Pouch,100
B732,Solid-state battery prototype for aerospace,Lithium Cobalt Oxide,2000,24.0,40,-10,Cylindrical,10
B733,Lead-acid deep cycle battery for UPS,Nickel Manganese Cobalt,2000,3.6,60,0,Cylindrical,100
B734,Compact LiFePO4 battery for solar storage,Lithium Cobalt Oxide,2000,3.2,60,-10,Pouch,2
B735,High capacity lithium-ion cell for EVs,Lithium Titanate,2500,3.7,70,-10,Pouch,100
B736,Compact LiFePO4 battery for solar storage,Lithium Titanate,5000,3.7,70,-10,Cylindrical,50
B737,High capacity lithium-ion cell for EVs,Lithium Titanate,10000,24.0,60,-20,Pouch,20
B738,Lead-acid deep cycle battery for UPS,Graphite,3000,3.6,60,-10,Prismatic,10
B739,Lead-acid deep cycle battery for UPS,Nickel Manganese Cobalt,10000,3.6,50,-10,Prismatic,100
B740,Solid-state battery prototype for aerospace,Lithium Titanate,3000,24.0,70,-20,Prismatic,100
B741,Compact LiFePO4 battery for solar storage,Graphite,2500,3.6,70,0,Prismatic,10
B742,Solid-state battery prototype for aerospace,Nickel Manganese Cobalt,2000,12.0,50,0,Prismatic,20
B743,Compact LiFePO4 battery for solar storage,Lithium Cobalt Oxide,2500,3.2,40,-10,Pouch,20
B744,Solid-state battery prototype for aerospace,Graphite,2500,3.7,70,-20,Pouch,100
B745,Nickel-metal hydride battery pack for hybrid vehicles,Lithium Iron Phosphate,1000,3.2,70,0,Prismatic,1
B746,Nickel-metal hydride battery pack for hybrid vehicles,Graphite,5000,3.7,40,-10,Pouch,2
B747,Nickel-metal hydride battery pack for hybrid vehicles,Graphite,3000,12.0,70,-10,Pouch,20
B748,Nickel-metal hydride battery pack for hybrid vehicles,Nickel Manganese Cobalt,2000,3.6,70,-20,Prismatic,20
B749,High capacity lithium-ion cell for EVs,Lithium Cobalt Oxide,3000,24.0,40,-10,Pouch,5
B750,Nickel-metal hydride battery pack for hybrid vehicles,Lithium Iron Phosphate,10000,12.0,40,0,Pouch,50
B751,Lead-acid deep cycle battery for UPS,Lithium Titanate,3000,3.2,60,-20,Pouch,20
B752,Lead-acid deep cycle battery for UPS,Lithium Titanate,10000,24.0,50,0,Prismatic,2
B753,High capacity lithium-ion cell for EVs,Graphite,5000,3.6,50,0,Pouch,50
B754,Nickel-metal hydride battery pack for hybrid vehicles,Nickel Manganese Cobalt,10000,12.0,40,0,Cylindrical,50
B755,Nickel-metal hydride battery pack for hybrid vehicles,Nickel Manganese Cobalt,3000,24.0,40,-10,Cylindrical,10
B756,Nickel-metal hydride battery pack for hybrid vehicles,Lithium Titanate,3000,12.0,70,-10,Prismatic,10
B757,Solid-state battery prototype for aerospace,Lithium Iron Phosphate,10000,12.0,60,0,Cylindrical,10
B758,Compact LiFePO4 battery for solar storage,Lithium Cobalt Oxide,2500,3.6,60,0,Prismatic,10
B759,Solid-state battery prototype for aerospace,Lithium Iron Phosphate,5000,3.7,40,-20,Cylindrical,5
B760,Compact LiFePO4 battery for solar storage,Lithium Cobalt Oxide,1000,24.0,70,-20,Cylindrical,20
B761,Nickel-metal hydride battery pack for hybrid vehicles,Lithium Titanate,2000,3.6,70,-10,Cylindrical,10
B762,Nickel-metal hydride battery pack for hybrid vehicles,Lithium Cobalt Oxide,3000,12.0,50,-10,Prismatic,100
B763,Solid-state battery prototype for aerospace,Nickel Manganese Cobalt,2000,3.6,50,-20,Prismatic,1
B764,Solid-state battery prototype for aerospace,Graphite,1000,3.7,70,0,Pouch,10
B765,Compact LiFePO4 battery for solar storage,Graphite,2000,24.0,50,-10,Prismatic,20
B766,Lead-acid deep cycle battery for UPS,Lithium Titanate,1000,3.7,40,0,Cylindrical,10
B767,Compact LiFePO4 battery for solar storage,Nickel Manganese Cobalt,10000,3.2,70,-20,Cylindrical,5
B768,Solid-state battery prototype for aerospace,Lithium Iron Phosphate,2500,24.0,50,-10,Prismatic,2
B769,Solid-state battery prototype for aerospace,Nickel Manganese Cobalt,3000,3.7,60,-10,Prismatic,2
B770,High capacity lithium-ion cell for EVs,Graphite,1000,12.0,70,-20,Prismatic,20
B771,Solid-state battery prototype for aerospace,Graphite,2000,24.0,70,-10,Pouch,100
B772,High capacity lithium-ion cell for EVs,Nickel Manganese Cobalt,3000,24.0,60,-20,Cylindrical,2
B773,Lead-acid deep cycle battery for UPS,Nickel Manganese Cobalt,2500,3.6,40,-10,Pouch,2
B774,Compact LiFePO4 battery for solar storage,Graphite,10000,12.0,60,-20,Pouch,1
B775,Compact LiFePO4 battery for solar storage,Lithium Iron Phosphate,3000,3.2,70,-10,Cylindrical,20
B776,High capacity lithium-ion cell for EVs,Lithium Titanate,1000,3.7,40,0,Cylindrical,100
B777,Compact LiFePO4 battery for solar storage,Lithium Titanate,2500,3.6,50,0,Prismatic,20
B778,Solid-state battery prototype for aerospace,Nickel Manganese Cobalt,2000,3.7,50,0,Prismatic,2
B779,Nickel-metal hydride battery pack for hybrid vehicles,Lithium Titanate,2500,3.2,50,-10,Pouch,2
B780,High capacity lithium-ion cell for EVs,Graphite,2500,3.2,70,-10,Prismatic,2
B781,Compact LiFePO4 battery for solar storage,Graphite,5000,24.0,60,0,Prismatic,50
B782,High capacity lithium-ion cell for EVs,Nickel Manganese Cobalt,2500,3.2,40,0,Cylindrical,5
B783,High capacity lithium-ion cell for EVs,Nickel Manganese Cobalt,2500,3.7,50,-20,Cylindrical,10
B784,Nickel-metal hydride battery pack for hybrid vehicles,Nickel Manganese Cobalt,3000,12.0,40,-20,Prismatic,5
B785,Solid-state battery prototype for aerospace,Lithium Iron Phosphate,2000,12.0,70,-20,Cylindrical,20
B786,High capacity lithium-ion cell for EVs,Lithium Titanate,3000,24.0,50,0,Prismatic,1
B787,Compact LiFePO4 battery for solar storage,Nickel Manganese Cobalt,3000,3.7,70,0,Cylindrical,10
B788,Lead-acid deep cycle battery for UPS,Lithium Cobalt Oxide,1000,3.7,60,0,Cylindrical,1
B789,High capacity lithium-ion cell for EVs,Lithium Cobalt Oxide,3000,3.2,70,-20,Cylindrical,100
B790,High capacity lithium-ion cell for EVs,Graphite,5000,3.7,70,-10,Cylindrical,50
B791,Nickel-metal hydride battery pack for hybrid vehicles,Lithium Titanate,5000,3.6,60,0,Prismatic,20
B792,Solid-state battery prototype for aerospace,Nickel Manganese Cobalt,1000,3.2,40,-10,Pouch,50
B793,Lead-acid deep cycle battery for UPS,Lithium Cobalt Oxide,10000,3.6,60,-10,Cylindrical,20
B794,Compact LiFePO4 battery for solar storage,Lithium Titanate,2000,24.0,60,-10,Prismatic,1
B795,Lead-acid deep cycle battery for UPS,Graphite,2000,12.0,70,-20,Prismatic,1
B796,Compact LiFePO4 battery for solar storage,Lithium Iron Phosphate,3000,24.0,40,-10,Cylindrical,1
B797,Solid-state battery prototype for aerospace,Lithium Titanate,3000,12.0,50,0,Pouch,20
B798,Compact LiFePO4 battery for solar storage,Lithium Titanate,10000,24.0,60,-20,Cylindrical,2
B799,Nickel-metal hydride battery pack for hybrid vehicles,Lithium Iron Phosphate,3000,3.7,40,0,Prismatic,1
B800,Nickel-metal hydride battery pack for hybrid vehicles,Lithium Titanate,2000,3.6,60,0,Pouch,50
B801,Nickel-metal hydride battery pack for hybrid vehicles,Graphite,2500,12.0,60,-20,Prismatic,100
B802,Nickel-metal hydride battery pack for hybrid vehicles,Graphite,5000,3.2,60,0,Cylindrical,10
B803,Lead-acid deep cycle battery for UPS,Lithium Iron Phosphate,2500,3.6,60,0,Pouch,20
B804,Solid-state battery prototype for aerospace,Nickel Manganese Cobalt,2500,3.2,70,-20,Prismatic,50
B805,Compact LiFePO4 battery for solar storage,Lithium Cobalt Oxide,2000,3.6,40,0,Prismatic,5
B806,Compact LiFePO4 battery for solar storage,Nickel Manganese Cobalt,2500,3.6,40,-10,Prismatic,100
B807,Nickel-metal hydride battery pack for hybrid vehicles,Lithium Titanate,10000,24.0,40,0,Cylindrical,5
B808,Nickel-metal hydride battery pack for hybrid vehicles,Lithium Cobalt Oxide,1000,12.0,60,-10,Pouch,10
B809,High capacity lithium-ion cell for EVs,Lithium Iron Phosphate,3000,12.0,70,0,Cylindrical,2
B810,Solid-state battery prototype for aerospace,Lithium Iron Phosphate,1000,3.6,60,-20,Cylindrical,1
B811,Lead-acid deep cycle battery for UPS,Lithium Cobalt Oxide,5000,3.7,60,-20,Cylindrical,20
B812,Compact LiFePO4 battery for solar storage,Graphite,3000,3.7,40,0,Pouch,50
B813,High capacity lithium-ion cell for EVs,Lithium Cobalt Oxide,2500,3.2,60,-20,Cylindrical,1
B814,High capacity lithium-ion cell for EVs,Lithium Titanate,5000,3.2,50,0,Cylindrical,50
B815,Compact LiFePO4 battery for solar storage,Graphite,3000,24.0,60,-20,Cylindrical,20
B816,Lead-acid deep cycle battery for UPS,Lithium Iron Phosphate,10000,3.6,50,-10,Cylindrical,5
B817,High capacity lithium-ion cell for EVs,Lithium Cobalt Oxide,10000,3.2,60,0,Prismatic,1
B818,High capacity lithium-ion cell for EVs,Nickel Manganese Cobalt,10000,3.2,70,-10,Cylindrical,10
B819,Solid-state battery prototype for aerospace,Nickel Manganese Cobalt,10000,3.6,70,-10,Prismatic,2
B820,Lead-acid deep cycle battery for UPS,Lithium Titanate,2500,24.0,40,0,Cylindrical,10
B821,High capacity lithium-ion cell for EVs,Nickel Manganese Cobalt,1000,3.2,60,-10,Pouch,2
B822,Lead-acid deep cycle battery for UPS,Lithium Cobalt Oxide,3000,24.0,50,0,Prismatic,100
B823,Compact LiFePO4 battery for solar storage,Lithium Cobalt Oxide,2500,12.0,50,-10,Prismatic,50
B824,Nickel-metal hydride battery pack for hybrid vehicles,Nickel Manganese Cobalt,10000,24.0,60,0,Prismatic,1
B825,High capacity lithium-ion cell for EVs,Lithium Cobalt Oxide,1000,3.7,50,0,Prismatic,1
B826,Solid-state battery prototype for aerospace,Lithium Titanate,5000,3.7,70,-20,Pouch,100
B827,Compact LiFePO4 battery for solar storage,Graphite,5000,24.0,50,0,Cylindrical,2
B828,Lead-acid deep cycle battery for UPS,Lithium Titanate,5000,3.7,40,0,Prismatic,5
B829,Compact LiFePO4 battery for solar storage,Lithium Titanate,10000,12.0,70,-10,Pouch,20
B830,High capacity lithium-ion cell for EVs,Lithium Cobalt Oxide,5000,3.6,70,0,Prismatic,10
B831,Lead-acid deep cycle battery for UPS,Graphite,2000,3.7,70,-20,Cylindrical,100
B832,Nickel-metal hydride battery pack for hybrid vehicles,Lithium Cobalt Oxide,3000,3.7,60,-10,Prismatic,50
B833,Compact LiFePO4 battery for solar storage,Lithium Iron Phosphate,3000,24.0,60,-10,Pouch,100
B834,High capacity lithium-ion cell for EVs,Lithium Cobalt Oxide,10000,12.0,70,-20,Cylindrical,10
B835,Solid-state battery prototype for aerospace,Lithium Cobalt Oxide,2000,3.6,60,-10,Pouch,10
B836,Lead-acid deep cycle battery for UPS,Lithium Cobalt Oxide,2500,24.0,50,-10,Cylindrical,50
B837,Compact LiFePO4 battery for solar storage,Graphite,2500,24.0,60,-10,Cylindrical,50
B838,Compact LiFePO4 battery for solar storage,Lithium Cobalt Oxide,5000,12.0,60,-10,Cylindrical,1
B839,Nickel-metal hydride battery pack for hybrid vehicles,Graphite,1000,3.6,70,-20,Prismatic,10
B840,Nickel-metal hydride battery pack for hybrid vehicles,Nickel Manganese Cobalt,2500,12.0,40,-20,Pouch,20
B841,Solid-state battery prototype for aerospace,Lithium Iron Phosphate,1000,3.6,40,-10,Pouch,20
B842,Solid-state battery prototype for aerospace,Graphite,3000,12.0,40,-10,Pouch,2
B843,High capacity lithium-ion cell for EVs,Nickel Manganese Cobalt,1000,24.0,50,-20,Cylindrical,100
B844,High capacity lithium-ion cell for EVs,Graphite,3000,24.0,60,-20,Prismatic,50
B845,Solid-state battery prototype for aerospace,Graphite,2000,3.2,40,-20,Cylindrical,1
B846,Solid-state battery prototype for aerospace,Lithium Iron Phosphate,2000,3.7,70,-10,Pouch,20
B847,Lead-acid deep cycle battery for UPS,Lithium Titanate,10000,12.0,40,-10,Prismatic,5
B848,Nickel-metal hydride battery pack for hybrid vehicles,Lithium Titanate,10000,3.2,40,0,Prismatic,1
B849,High capacity lithium-ion cell for EVs,Graphite,5000,3.7,60,-20,Prismatic,1
B850,Nickel-metal hydride battery pack for hybrid vehicles,Lithium Cobalt Oxide,2500,12.0,60,-10,Pouch,20
B851,Nickel-metal hydride battery pack for hybrid vehicles,Nickel Manganese Cobalt,5000,3.6,60,-20,Prismatic,5
B852,Solid-state battery prototype for aerospace,Lithium Cobalt Oxide,3000,3.7,50,-10,Prismatic,2
B853,Lead-acid deep cycle battery for UPS,Lithium Cobalt Oxide,5000,24.0,50,-20,Cylindrical,20
B854,Compact LiFePO4 battery for solar storage,Graphite,1000,3.2,40,-10,Cylindrical,5
B855,Lead-acid deep cycle battery for UPS,Graphite,3000,3.7,60,0,Prismatic,1
B856,Lead-acid deep cycle battery for UPS,Graphite,10000,3.7,40,0,Prismatic,5
B857,Nickel-metal hydride battery pack for hybrid vehicles,Graphite,2000,24.0,70,-20,Cylindrical,1
B858,Lead-acid deep cycle battery for UPS,Lithium Titanate,10000,12.0,70,-10,Cylindrical,100
B859,High capacity lithium-ion cell for EVs,Graphite,2500,3.6,60,-10,Cylindrical,20
B860,Nickel-metal hydride battery pack for hybrid vehicles,Lithium Titanate,3000,24.0,60,-20,Pouch,50
B861,High capacity lithium-ion cell for EVs,Lithium Titanate,3000,3.6,70,-10,Pouch,20
B862,Compact LiFePO4 battery for solar storage,Graphite,1000,12.0,60,-20,Cylindrical,100
B863,Nickel-metal hydride battery pack for hybrid vehicles,Lithium Iron Phosphate,2500,3.7,50,-10,Prismatic,10
B864,Compact LiFePO4 battery for solar storage,Nickel Manganese Cobalt,2000,3.6,50,-20,Cylindrical,10
B865,Nickel-metal hydride battery pack for hybrid vehicles,Lithium Cobalt Oxide,3000,3.2,60,-10,Pouch,10
B866,Solid-state battery prototype for aerospace,Lithium Titanate,3000,3.2,70,-20,Prismatic,20
B867,Lead-acid deep cycle battery for UPS,Nickel Manganese Cobalt,1000,24.0,40,-10,Pouch,2
B868,Solid-state battery prototype for aerospace,Lithium Iron Phosphate,5000,12.0,60,0,Prismatic,20
B869,Compact LiFePO4 battery for solar storage,Lithium Cobalt Oxide,2000,24.0,60,-10,Pouch,100
B870,Lead-acid deep cycle battery for UPS,Lithium Cobalt Oxide,10000,24.0,40,-20,Prismatic,100
B871,Nickel-metal hydride battery pack for hybrid vehicles,Lithium Titanate,2500,24.0,60,0,Prismatic,50
B872,Lead-acid deep cycle battery for UPS,Graphite,3000,3.2,40,-10,Prismatic,5
B873,High capacity lithium-ion cell for EVs,Lithium Iron Phosphate,3000,3.2,70,0,Prismatic,20
B874,Lead-acid deep cycle battery for UPS,Lithium Titanate,10000,24.0,50,-10,Pouch,20
B875,High capacity lithium-ion cell for EVs,Lithium Iron Phosphate,2000,3.2,70,0,Pouch,1
B876,Lead-acid deep cycle battery for UPS,Graphite,5000,12.0,50,-20,Prismatic,100
B877,High capacity lithium-ion cell for EVs,Graphite,3000,24.0,40,-10,Prismatic,1
B878,Compact LiFePO4 battery for solar storage,Lithium Titanate,2000,3.2,50,-10,Pouch,1
B879,Solid-state battery prototype for aerospace,Graphite,10000,3.6,70,-20,Prismatic,20
B880,Nickel-metal hydride battery pack for hybrid vehicles,Nickel Manganese Cobalt,1000,24.0,50,0,Prismatic,2
B881,Lead-acid deep cycle battery for UPS,Lithium Cobalt Oxide,5000,24.0,40,-20,Prismatic,5
B882,Solid-state battery prototype for aerospace,Lithium Titanate,2500,12.0,50,-20,Cylindrical,5
B883,Nickel-metal hydride battery pack for hybrid vehicles,Lithium Iron Phosphate,3000,3.7,60,0,Prismatic,100
B884,Nickel-metal hydride battery pack for hybrid vehicles,Nickel Manganese Cobalt,2000,3.7,70,-20,Cylindrical,50
B885,High capacity lithium-ion cell for EVs,Lithium Titanate,1000,12.0,60,-10,Prismatic,100
B886,Compact LiFePO4 battery for solar storage,Graphite,2500,12.0,40,-10,Pouch,2
B887,Compact LiFePO4 battery for solar storage,Graphite,2000,12.0,50,-10,Cylindrical,2
B888,Solid-state battery prototype for aerospace,Graphite,2000,3.7,60,-20,Cylindrical,5
B889,Compact LiFePO4 battery for solar storage,Graphite,2500,12.0,60,-10,Prismatic,10
B890,Lead-acid deep cycle battery for UPS,Lithium Iron Phosphate,1000,3.2,50,-10,Prismatic,1
B891,Compact LiFePO4 battery for solar storage,Nickel Manganese Cobalt,10000,24.0,50,-10,Cylindrical,1
B892,Solid-state battery prototype for aerospace,Lithium Cobalt Oxide,1000,24.0,70,-10,Pouch,5
B893,Compact LiFePO4 battery for solar storage,Lithium Iron Phosphate,5000,3.6,60,-10,Pouch,100
B894,Lead-acid deep cycle battery for UPS,Lithium Iron Phosphate,3000,3.6,60,-10,Prismatic,2
B895,High capacity lithium-ion cell for EVs,Lithium Cobalt Oxide,2500,24.0,40,-20,Pouch,100
B896,Solid-state battery prototype for aerospace,Lithium Cobalt Oxide,10000,3.2,70,-10,Pouch,50
B897,High capacity lithium-ion cell for EVs,Graphite,2500,3.7,40,-10,Prismatic,10
B898,High capacity lithium-ion cell for EVs,Lithium Iron Phosphate,2500,3.7,60,0,Pouch,5
B899,High capacity lithium-ion cell for EVs,Lithium Titanate,1000,3.2,40,-20,Prismatic,1
B900,Nickel-metal hydride battery pack for hybrid vehicles,Lithium Cobalt Oxide,3000,3.7,60,-20,Cylindrical,20
B901,Nickel-metal hydride battery pack for hybrid vehicles,Lithium Cobalt Oxide,5000,12.0,60,-20,Prismatic,100
B902,High capacity lithium-ion cell for EVs,Nickel Manganese Cobalt,2000,24.0,40,-20,Cylindrical,2
B903,Solid-state battery prototype for aerospace,Lithium Titanate,2000,24.0,40,-10,Cylindrical,20
B904,Lead-acid deep cycle battery for UPS,Lithium Titanate,2500,3.2,50,-10,Pouch,50
B905,Lead-acid deep cycle battery for UPS,Lithium Cobalt Oxide,3000,3.7,50,0,Pouch,5
B906,Compact LiFePO4 battery for solar storage,Graphite,10000,3.6,50,0,Pouch,100
B907,Solid-state battery prototype for aerospace,Nickel Manganese Cobalt,1000,3.6,60,-20,Prismatic,1
B908,Nickel-metal hydride battery pack for hybrid vehicles,Lithium Titanate,3000,3.7,40,0,Pouch,100
B909,High capacity lithium-ion cell for EVs,Lithium Cobalt Oxide,3000,3.6,70,0,Cylindrical,10
B910,Compact LiFePO4 battery for solar storage,Lithium Titanate,1000,3.2,60,-20,Pouch,20
B911,Lead-acid deep cycle battery for UPS,Nickel Manganese Cobalt,2500,3.2,70,-20,Pouch,10
B912,Nickel-metal hydride battery pack for hybrid vehicles,Nickel Manganese Cobalt,3000,3.7,40,0,Prismatic,50
B913,Nickel-metal hydride battery pack for hybrid vehicles,Lithium Iron Phosphate,2000,3.6,60,-10,Prismatic,1
B914,High capacity lithium-ion cell for EVs,Lithium Cobalt Oxide,1000,3.2,70,0,Cylindrical,20
B915,Lead-acid deep cycle battery for UPS,Nickel Manganese Cobalt,10000,3.2,70,0,Prismatic,50
B916,Solid-state battery prototype for aerospace,Lithium Iron Phosphate,5000,12.0,50,-10,Pouch,10
B917,Nickel-metal hydride battery pack for hybrid vehicles,Lithium Iron Phosphate,2500,12.0,50,-10,Prismatic,10
B918,High capacity lithium-ion cell for EVs,Lithium Titanate,1000,3.2,50,-20,Cylindrical,20
B919,Solid-state battery prototype for aerospace,Lithium Titanate,5000,3.7,60,-20,Pouch,1
B920,Lead-acid deep cycle battery for UPS,Lithium Iron Phosphate,5000,24.0,40,0,Cylindrical,10
B921,Nickel-metal hydride battery pack for hybrid vehicles,Lithium Titanate,10000,24.0,40,-10,Prismatic,5
B922,Solid-state battery prototype for aerospace,Nickel Manganese Cobalt,3000,3.2,50,-20,Prismatic,50
B923,Solid-state battery prototype for aerospace,Graphite,10000,3.2,50,0,Cylindrical,20
B924,Solid-state battery prototype for aerospace,Nickel Manganese Cobalt,3000,3.2,50,-10,Pouch,2
B925,Nickel-metal hydride battery pack for hybrid vehicles,Lithium Iron Phosphate,3000,3.7,70,0,Prismatic,2
B926,Nickel-metal hydride battery pack for hybrid vehicles,Lithium Iron Phosphate,1000,12.0,50,-20,Prismatic,1
B927,Compact LiFePO4 battery for solar storage,Nickel Manganese Cobalt,1000,3.2,70,-20,Pouch,5
B928,Lead-acid deep cycle battery for UPS,Lithium Titanate,2500,3.2,40,-10,Prismatic,10
B929,High capacity lithium-ion cell for EVs,Lithium Titanate,3000,3.6,60,0,Cylindrical,2
B930,Solid-state battery prototype for aerospace,Lithium Iron Phosphate,5000,3.7,60,-10,Prismatic,1
B931,Compact LiFePO4 battery for solar storage,Lithium Cobalt Oxide,2000,3.2,60,-20,Prismatic,50
B932,High capacity lithium-ion cell for EVs,Lithium Titanate,2500,3.6,60,-20,Pouch,5
B933,Compact LiFePO4 battery for solar storage,Nickel Manganese Cobalt,1000,24.0,70,0,Cylindrical,5
B934,Nickel-metal hydride battery pack for hybrid vehicles,Lithium Titanate,10000,3.2,70,0,Pouch,100
B935,Solid-state battery prototype for aerospace,Nickel Manganese Cobalt,2500,3.2,50,0,Prismatic,1
B936,High capacity lithium-ion cell for EVs,Lithium Iron Phosphate,2500,3.6,70,-10,Prismatic,1
B937,High capacity lithium-ion cell for EVs,Lithium Titanate,2500,3.7,50,0,Pouch,100
B938,High capacity lithium-ion cell for EVs,Nickel Manganese Cobalt,2500,3.2,50,0,Pouch,10
B939,High capacity lithium-ion cell for EVs,Lithium Iron Phosphate,2000,24.0,60,-20,Pouch,1
B940,High capacity lithium-ion cell for EVs,Lithium Cobalt Oxide,10000,3.2,70,-20,Cylindrical,100
B941,Compact LiFePO4 battery for solar storage,Nickel Manganese Cobalt,10000,24.0,70,0,Prismatic,10
B942,Solid-state battery prototype for aerospace,Lithium Cobalt Oxide,10000,12.0,50,0,Pouch,10
B943,Nickel-metal hydride battery pack for hybrid vehicles,Lithium Cobalt Oxide,3000,12.0,50,-20,Prismatic,20
B944,Nickel-metal hydride battery pack for hybrid vehicles,Graphite,5000,24.0,40,0,Cylindrical,5
B945,Nickel-metal hydride battery pack for hybrid vehicles,Lithium Titanate,10000,3.7,40,-10,Cylindrical,50
B946,Nickel-metal hydride battery pack for hybrid vehicles,Nickel Manganese Cobalt,2500,3.2,50,-10,Cylindrical,5
B947,Compact LiFePO4 battery for solar storage,Lithium Cobalt Oxide,2500,3.2,40,-10,Cylindrical,5
B948,Lead-acid deep cycle battery for UPS,Graphite,10000,12.0,40,0,Prismatic,20
B949,Solid-state battery prototype for aerospace,Lithium Iron Phosphate,10000,24.0,50,-20,Cylindrical,10
B950,High capacity lithium-ion cell for EVs,Nickel Manganese Cobalt,2500,3.2,50,0,Cylindrical,10
B951,Lead-acid deep cycle battery for UPS,Lithium Cobalt Oxide,3000,3.2,70,0,Pouch,1
B952,Nickel-metal hydride battery pack for hybrid vehicles,Lithium Titanate,1000,3.7,50,-20,Cylindrical,20
B953,Lead-acid deep cycle battery for UPS,Graphite,1000,3.6,50,-20,Pouch,1
B954,Solid-state battery prototype for aerospace,Lithium Cobalt Oxide,10000,12.0,60,-20,Cylindrical,20
B955,High capacity lithium-ion cell for EVs,Lithium Titanate,2000,12.0,70,-10,Cylindrical,1
B956,High capacity lithium-ion cell for EVs,Lithium Cobalt Oxide,10000,3.6,70,0,Pouch,2
B957,Solid-state battery prototype for aerospace,Nickel Manganese Cobalt,10000,3.2,70,-20,Cylindrical,100
B958,Solid-state battery prototype for aerospace,Nickel Manganese Cobalt,1000,3.7,60,0,Prismatic,5
B959,Nickel-metal hydride battery pack for hybrid vehicles,Nickel Manganese Cobalt,2500,3.7,50,-10,Prismatic,5
B960,High capacity lithium-ion cell for EVs,Graphite,10000,12.0,70,-10,Cylindrical,50
B961,Lead-acid deep cycle battery for UPS,Nickel Manganese Cobalt,2500,3.7,70,-20,Prismatic,100
B962,Compact LiFePO4 battery for solar storage,Lithium Titanate,2500,3.6,40,-20,Pouch,10
B963,Compact LiFePO4 battery for solar storage,Lithium Cobalt Oxide,2000,3.2,70,0,Cylindrical,50
B964,Solid-state battery prototype for aerospace,Lithium Iron Phosphate,2500,3.6,50,-20,Cylindrical,2
B965,Nickel-metal hydride battery pack for hybrid vehicles,Lithium Titanate,1000,24.0,50,0,Pouch,50
B966,Compact LiFePO4 battery for solar storage,Lithium Titanate,3000,12.0,40,-20,Pouch,5
B967,High capacity lithium-ion cell for EVs,Nickel Manganese Cobalt,3000,3.7,70,0,Pouch,10
B968,Solid-state battery prototype for aerospace,Graphite,5000,24.0,70,0,Cylindrical,2
B969,Lead-acid deep cycle battery for UPS,Lithium Cobalt Oxide,10000,3.7,70,0,Pouch,5
B970,Solid-state battery prototype for aerospace,Graphite,1000,3.2,60,0,Pouch,100
B971,Lead-acid deep cycle battery for UPS,Lithium Cobalt Oxide,2500,3.2,70,-10,Prismatic,1
B972,Solid-state battery prototype for aerospace,Lithium Cobalt Oxide,3000,3.2,50,0,Prismatic,20
B973,Solid-state battery prototype for aerospace,Graphite,1000,3.7,50,-20,Cylindrical,2
B974,Solid-state battery prototype for aerospace,Lithium Titanate,3000,24.0,60,-10,Prismatic,10
B975,Lead-acid deep cycle battery for UPS,Lithium Cobalt Oxide,2500,3.2,60,-10,Prismatic,50
B976,Lead-acid deep cycle battery for UPS,Graphite,3000,24.0,70,0,Pouch,100
B977,Solid-state battery prototype for aerospace,Lithium Cobalt Oxide,10000,3.7,40,-10,Pouch,50
B978,Compact LiFePO4 battery for solar storage,Lithium Iron Phosphate,10000,24.0,60,0,Prismatic,2
B979,Nickel-metal hydride battery pack for hybrid vehicles,Lithium Titanate,5000,3.7,60,-20,Prismatic,100
B980,Nickel-metal hydride battery pack for hybrid vehicles,Nickel Manganese Cobalt,5000,3.7,70,0,Prismatic,10
B981,Nickel-metal hydride battery pack for hybrid vehicles,Lithium Cobalt Oxide,3000,12.0,70,-10,Cylindrical,2
B982,Lead-acid deep cycle battery for UPS,Lithium Iron Phosphate,1000,3.7,60,-20,Cylindrical,10
B983,Lead-acid deep cycle battery for UPS,Nickel Manganese Cobalt,10000,3.7,40,0,Cylindrical,50
B984,Compact LiFePO4 battery for solar storage,Nickel Manganese Cobalt,1000,3.6,60,-20,Prismatic,5
B985,Nickel-metal hydride battery pack for hybrid vehicles,Lithium Cobalt Oxide,1000,3.2,70,-20,Prismatic,100
B986,Nickel-metal hydride battery pack for hybrid vehicles,Graphite,3000,12.0,70,-10,Cylindrical,1
B987,Solid-state battery prototype for aerospace,Lithium Cobalt Oxide,1000,12.0,60,-20,Cylindrical,5
B988,Lead-acid deep cycle battery for UPS,Lithium Iron Phosphate,10000,12.0,40,-10,Prismatic,1
B989,Nickel-metal hydride battery pack for hybrid vehicles,Nickel Manganese Cobalt,2500,3.6,60,-20,Pouch,50
B990,Compact LiFePO4 battery for solar storage,Lithium Cobalt Oxide,5000,3.7,60,0,Cylindrical,100
B991,Compact LiFePO4 battery for solar storage,Graphite,2500,3.2,70,-20,Prismatic,5
B992,Nickel-metal hydride battery pack for hybrid vehicles,Lithium Cobalt Oxide,1000,24.0,40,0,Prismatic,5
B993,Lead-acid deep cycle battery for UPS,Lithium Titanate,2500,3.7,50,0,Pouch,2
B994,Compact LiFePO4 battery for solar storage,Graphite,10000,3.6,40,-20,Prismatic,20
B995,Solid-state battery prototype for aerospace,Lithium Iron Phosphate,10000,3.7,60,0,Prismatic,50
B996,Compact LiFePO4 battery for solar storage,Nickel Manganese Cobalt,1000,3.7,60,-20,Cylindrical,10
B997,High capacity lithium-ion cell for EVs,Lithium Cobalt Oxide,3000,3.6,60,-20,Cylindrical,50
B998,High capacity lithium-ion cell for EVs,Graphite,2500,12.0,40,0,Pouch,10
